<?xml version="1.0" encoding="UTF-8"?>
<metadata xml:lang="es"><Esri><CreaDate>20170227</CreaDate><CreaTime>14125900</CreaTime><SyncOnce>FALSE</SyncOnce><SyncDate>20170227</SyncDate><SyncTime>11225300</SyncTime><ModDate>20170227</ModDate><ModTime>11225300</ModTime><DataProperties><lineage><Process ToolSource="C:\Archivos de programa\ArcGIS\ArcToolbox\Toolboxes\Data Management Tools.tbx\CopyFeatures" Date="20100531" Time="135810">CopyFeatures TemaLinea D:\shapear2\3345-I-NE-1\3345_I_NE_1_lineas.shp # 0 0 0</Process><Process ToolSource="C:\Archivos de programa\ArcGIS\ArcToolbox\Toolboxes\Data Management Tools.tbx\CopyFeatures" Date="20100531" Time="135816">CopyFeatures D:\shapear2\3345-I-NE-1\3345_I_NE_1_B041.SHP D:\shapear2\3345-I-NE-1\3345_I_NE_1_linea_B04.shp # 0 0 0</Process><Process Name="Merge_1" ToolSource="C:\Program Files\ArcGIS\ArcToolbox\Toolboxes\Data Management Tools.tbx\Merge" Date="20110720" Time="133724">Merge 3345_I_NE_1_linea_B04;3346_II_SE_21_linea_B04 "C:\DTA\HEREDIA SUR 2\HEREDIA\CARTO AJUSTADA HEREDIA\SHP AJUSTADOS\DISTRITOS\HEREDIA\C40101 HEREDIAFF.shp" "Entity Entity true false false 16 Text 0 0 ,First,#,3345_I_NE_1_linea_B04,Entity,-1,-1,3346_II_SE_21_linea_B04,Entity,-1,-1;Handle Handle true false false 16 Text 0 0 ,First,#,3345_I_NE_1_linea_B04,Handle,-1,-1,3346_II_SE_21_linea_B04,Handle,-1,-1;Layer Layer true false false 254 Text 0 0 ,First,#,3345_I_NE_1_linea_B04,Layer,-1,-1,3346_II_SE_21_linea_B04,Layer,-1,-1;LyrFrzn LyrFrzn true false false 4 Short 0 4 ,First,#,3345_I_NE_1_linea_B04,LyrFrzn,-1,-1,3346_II_SE_21_linea_B04,LyrFrzn,-1,-1;LyrLock LyrLock true false false 4 Short 0 4 ,First,#,3345_I_NE_1_linea_B04,LyrLock,-1,-1,3346_II_SE_21_linea_B04,LyrLock,-1,-1;LyrOn LyrOn true false false 4 Short 0 4 ,First,#,3345_I_NE_1_linea_B04,LyrOn,-1,-1,3346_II_SE_21_linea_B04,LyrOn,-1,-1;LyrVPFrzn LyrVPFrzn true false false 4 Short 0 4 ,First,#,3345_I_NE_1_linea_B04,LyrVPFrzn,-1,-1,3346_II_SE_21_linea_B04,LyrVPFrzn,-1,-1;LyrHandle LyrHandle true false false 16 Text 0 0 ,First,#,3345_I_NE_1_linea_B04,LyrHandle,-1,-1,3346_II_SE_21_linea_B04,LyrHandle,-1,-1;Color Color true false false 4 Short 0 4 ,First,#,3345_I_NE_1_linea_B04,Color,-1,-1,3346_II_SE_21_linea_B04,Color,-1,-1;EntColor EntColor true false false 4 Short 0 4 ,First,#,3345_I_NE_1_linea_B04,EntColor,-1,-1,3346_II_SE_21_linea_B04,EntColor,-1,-1;LyrColor LyrColor true false false 4 Short 0 4 ,First,#,3345_I_NE_1_linea_B04,LyrColor,-1,-1,3346_II_SE_21_linea_B04,LyrColor,-1,-1;BlkColor BlkColor true false false 4 Short 0 4 ,First,#,3345_I_NE_1_linea_B04,BlkColor,-1,-1,3346_II_SE_21_linea_B04,BlkColor,-1,-1;Linetype Linetype true false false 254 Text 0 0 ,First,#,3345_I_NE_1_linea_B04,Linetype,-1,-1,3346_II_SE_21_linea_B04,Linetype,-1,-1;EntLinetyp EntLinetyp true false false 254 Text 0 0 ,First,#,3345_I_NE_1_linea_B04,EntLinetyp,-1,-1,3346_II_SE_21_linea_B04,EntLinetyp,-1,-1;LyrLnType LyrLnType true false false 254 Text 0 0 ,First,#,3345_I_NE_1_linea_B04,LyrLnType,-1,-1,3346_II_SE_21_linea_B04,LyrLnType,-1,-1;BlkLinetyp BlkLinetyp true false false 254 Text 0 0 ,First,#,3345_I_NE_1_linea_B04,BlkLinetyp,-1,-1,3346_II_SE_21_linea_B04,BlkLinetyp,-1,-1;Elevation Elevation true false false 19 Double 0 0 ,First,#,3345_I_NE_1_linea_B04,Elevation,-1,-1,3346_II_SE_21_linea_B04,Elevation,-1,-1;Thickness Thickness true false false 19 Double 0 0 ,First,#,3345_I_NE_1_linea_B04,Thickness,-1,-1,3346_II_SE_21_linea_B04,Thickness,-1,-1;LineWt LineWt true false false 4 Short 0 4 ,First,#,3345_I_NE_1_linea_B04,LineWt,-1,-1,3346_II_SE_21_linea_B04,LineWt,-1,-1;EntLineWt EntLineWt true false false 4 Short 0 4 ,First,#,3345_I_NE_1_linea_B04,EntLineWt,-1,-1,3346_II_SE_21_linea_B04,EntLineWt,-1,-1;LyrLineWt LyrLineWt true false false 4 Short 0 4 ,First,#,3345_I_NE_1_linea_B04,LyrLineWt,-1,-1,3346_II_SE_21_linea_B04,LyrLineWt,-1,-1;BlkLineWt BlkLineWt true false false 4 Short 0 4 ,First,#,3345_I_NE_1_linea_B04,BlkLineWt,-1,-1,3346_II_SE_21_linea_B04,BlkLineWt,-1,-1;RefName RefName true false false 254 Text 0 0 ,First,#,3345_I_NE_1_linea_B04,RefName,-1,-1,3346_II_SE_21_linea_B04,RefName,-1,-1;LTScale LTScale true false false 19 Double 0 0 ,First,#,3345_I_NE_1_linea_B04,LTScale,-1,-1,3346_II_SE_21_linea_B04,LTScale,-1,-1;ExtX ExtX true false false 19 Double 0 0 ,First,#,3345_I_NE_1_linea_B04,ExtX,-1,-1,3346_II_SE_21_linea_B04,ExtX,-1,-1;ExtY ExtY true false false 19 Double 0 0 ,First,#,3345_I_NE_1_linea_B04,ExtY,-1,-1,3346_II_SE_21_linea_B04,ExtY,-1,-1;ExtZ ExtZ true false false 19 Double 0 0 ,First,#,3345_I_NE_1_linea_B04,ExtZ,-1,-1,3346_II_SE_21_linea_B04,ExtZ,-1,-1;DocName DocName true false false 254 Text 0 0 ,First,#,3345_I_NE_1_linea_B04,DocName,-1,-1,3346_II_SE_21_linea_B04,DocName,-1,-1;DocPath DocPath true false false 254 Text 0 0 ,First,#,3345_I_NE_1_linea_B04,DocPath,-1,-1,3346_II_SE_21_linea_B04,DocPath,-1,-1;DocType DocType true false false 32 Text 0 0 ,First,#,3345_I_NE_1_linea_B04,DocType,-1,-1,3346_II_SE_21_linea_B04,DocType,-1,-1;DocVer DocVer true false false 16 Text 0 0 ,First,#,3345_I_NE_1_linea_B04,DocVer,-1,-1,3346_II_SE_21_linea_B04,DocVer,-1,-1;Id Id true false false 6 Long 0 6 ,First,#,3346_II_SE_21_linea_B04,Id,-1,-1;LnType LnType true false false 9 Long 0 9 ,First,#,3346_II_SE_21_linea_B04,LnType,-1,-1;LeftLn_FID LeftLn_FID true false false 9 Long 0 9 ,First,#,3346_II_SE_21_linea_B04,LeftLn_FID,-1,-1;RightLn_FI RightLn_FI true false false 9 Long 0 9 ,First,#,3346_II_SE_21_linea_B04,RightLn_FI,-1,-1"</Process><Process ToolSource="C:\Program Files\ArcGIS\Desktop10.0\ArcToolbox\Toolboxes\Data Management Tools.tbx\FeatureToPolygon" Date="20140128" Time="084914">FeatureToPolygon 'C40101 HEREDIA' "Z:\mcisar\RESULTADOS HEREDIA\DISTRITOS MODIFICADOS\M_40101_HEREDIA.shp" # ATTRIBUTES #</Process><Process ToolSource="C:\Program Files\ArcGIS\Desktop10.0\ArcToolbox\Toolboxes\Data Management Tools.tbx\Merge" Date="20140212" Time="114300">Merge 40101_HEREDIA;40102_MERCEDES;40103_SAN_FRANCISCO;40104_ULLOA;40105_VARABLANCA;40201_BARVA;40202_SAN_PEDRO;40203_SAN_PABLO;40204_SAN_ROQUE;40205_SANTA_LUCIA;40206_SAN_JOSE_DE_LA_MONTAÑA;40301_SANTO_DOMINGO;40302_SAN_VICENTE;40303_SAN_MIGUEL;40304_PARACITO;40305_SANTO_TOMAS;40306_SANTA_ROSA;40307_TURES;40308_PARA;40401_SANTA_BARBARA;40402_SAN_PEDRO;40403_SAN_JUAN;40404_JESUS;40405_SANTO_DOMINGO;40406_PURABA;40501_SAN_RAFAEL;40502_SAN_JOSECITO;40503_SANTIAGO;40504_ANGELES;40505_CONCEPCION;40601_SAN_ISIDRO;40602_SAN_JOSE;40603_CONCEPCION;40604_SAN_FRANCISCO;40701_SAN_ANTONIO;40702_LA_RIBERA;40703_LA_ASUNCION;40801_SAN_JOAQUIN;40802_BARRANTES;40803_LLORENTE;40901_SAN_PABLO;40902_RINCON_DE_SABANILLA;41001_PUERTO_VIEJO;41002_LA_VIRGEN;41003_LAS_HORQUETAS;41004_LLANURAS_DEL_GASPAR;41005_CUREÑA;10101_EL_CARMEN;10102_MERCED;10103_HOSPITAL;10104_CATEDRAL;10105_ZAPOTE;10106_SAN_FRANCISCO_DE_DOS_RIOS;10107_URUCA;10108_MATA_REDONDA;10109_PAVAS;10110_HATILLO;10111_SAN_SEBASTIAN;10201_ESCAZU;10202_SAN_ANTONIO;10203_SAN_RAFAEL;10301_DESAMPARADOS;10302_SAN_MIGUEL;10303_SAN_JUAN_DE_DIOS;10304_SAN_RAFAEL_ARRIBA;10305_SAN_ANTONIO;10306_FRAILES;10307_PATARRA;10308_SAN_CRISTOBAL;10309_ROSARIO;10310_DAMAS;10311_SAN_RAFAEL_ABAJO;10312_GRAVILIAS;10313_LOS_GUIDO;10401_SANTIAGO;10402_MERCEDES_SUR;10403_BARBACOAS;10404_GRIFO_ALTO;10405_SAN_RAFAEL;10406_CANDELARITA;10407_DESAMPARADITOS;10408_SAN_ANTONIO;10409_CHIRES;10501_SAN_MARCOS;10502_SAN_LORENZO;10503_SAN_CARLOS;10601_ASERRI;10602_TARBACA;10603_VUELTA_DE_JORCO;10604_SAN_GABRIEL;10605_LEGUA;10606_MONTERREY;10607_SALITRILLOS;10701_COLON;10702_GUAYABO;10703_TABARCIA;10704_PIEDRAS_NEGRAS;10705_PICAGRES;10706_JARIS;10801_GUADALUPE;10802_SAN_FRANCISCO;10803_CALLE_BLANCOS;10804_MATA_DE_PLATANO;10805_IPIS;10806_RANCHO_REDONDO;10807_PURRAL;10901_SANTA_ANA;10902_SALITRAL;10903_POZOS;10904_URUCA;10905_PIEDADES;10906_BRASIL;11001_ALAJUELITA;11002_SAN_JOSECITO;11003_SAN_ANTONIO;11004_CONCEPCION;11005_SAN_FELIPE;11101_SAN_ISIDRO;11102_SAN_RAFAEL;11103_DULCE_NOMBRE_DE_JESUS;11104_PATALILLO;11105_CASCAJAL;11201_SAN_IGNACIO;11202_GUAITIL;11203_PALMICHAL;11204_CANGREJAL;11205_SABANILLAS;11301_SAN_JUAN;11302_CINCO_ESQUINAS;11303_ANSELMO_LLORENTE;11304_LEON_XIII;11305_COLIMA;11401_SAN_VICENTE;11402_SAN_JERONIMO;11403_LA_TRINIDAD;11501_SAN_PEDRO;11502_SABANILLA;11503_MERCEDES;11504_SAN_RAFAEL;11601_SAN_PABLO;11602_SAN_PEDRO;11603_SAN_JUAN_MATA;11604_SAN_LUIS;11605_CARARA;11701_SANTA_MARIA;11702_JARDIN;11703_COPEY;11801_CURRIDABAT;11802_GRANADILLA;11803_SANCHEZ;11804_TIRRASES;11901_SAN_ISIDRO_DEL_GENERAL;11902_EL_GENERAL;11903_DANIEL_FLORES;11904_RIVAS;11905_SAN_PEDRO;11906_PLATANARES;11907_PEJIBAYE;11908_CAJON;11909_BARU;11910_RIO_NUEVO;11911_PARAMO;12001_SAN_PABLO;12002_SAN_ANDRES;12003_LLANO_BONITO;12004_SAN_ISIDRO;12005_SANTA_CRUZ;12006_SAN_ANTONIO;20101_ALAJUELA;20102_SAN_JOSE;20103_CARRIZAL;20104_SAN_ANTONIO;20105_GUACIMA;20106_SAN_ISIDRO;20107_SABANILLA;20108_SAN_RAFAEL;20109_RIO_SEGUNDO;20110_DESAMPARADOS;20111_TURRUCARES;20112_TAMBOR;20113_GARITA;20114_SARAPIQUI;20201_SAN_RAMON;20202_SANTIAGO;20203_SAN_JUAN;20204_PIEDADES_NORTE;20205_PIEDADES_SUR;20206_SAN_RAFAEL;20207_SAN_ISIDRO;20208_ANGELES;20209_ALFARO;20210_VOLIO;20211_CONCEPCION;20212_ZAPOTAL;20213_PEÑAS_BLANCAS;20301_GRECIA;20302_SAN_ISIDRO;20303_SAN_JOSE;20304_SAN_ROQUE;20305_TACARES;20306_RIO_CUARTO;20307_PUENTE_DE_PIEDRA;20308_BOLIVAR;20401_SAN_MATEO;20402_DESMONTE;20403_JESUS_MARIA;20404_LABRADOR;20501_ATENAS;20502_JESUS;20503_MERCEDES;20504_SAN_ISIDRO;20505_CONCEPCION;20506_SAN_JOSE;20507_SANTA_EULALIA;20508_ESCOBAL;20601_NARANJO;20602_SAN_MIGUEL;20603_SAN_JOSE;20604_CIRRI_SUR;20605_SAN_JERONIMO;20606_SAN_JUAN;20607_EL_ROSARIO;20608_PALMITOS;20701_PALMARES;20702_ZARAGOZA;20703_BUENOS_AIRES;20704_SANTIAGO;20705_CANDELARIA;20706_ESQUIPULAS;20707_LA_GRANJA;20801_SAN_PEDRO;20802_SAN_JUAN;20803_SAN_RAFAEL;20804_CARRILLOS;20805_SABANA_REDONDA;20901_OROTINA;20902_EL_MASTATE;20903_HACIENDA_VIEJA;20904_COYOLAR;20905_LA_CEIBA;21001_QUESADA;21002_FLORENCIA;21003_BUENAVISTA;21004_AGUAS_ZARCAS;21005_VENECIA;21006_PITAL;21007_LA_FORTUNA;21008_LA_TIGRA;21009_LA_PALMERA;21010_VENADO;21011_CUTRIS;21012_MONTERREY;21013_POCOSOL;21101_ZARCERO;21102_LAGUNA;21103_TAPESCO;21104_GUADALUPE;21105_PALMIRA;21106_ZAPOTE;21107_BRISAS;21201_SARCHI_NORTE;21202_SARCHI_SUR;21203_TORO_AMARILLO;21204_SAN_PEDRO;21205_RODRIGUEZ;21301_UPALA;21302_AGUAS_CLARAS;21303_SAN_JOSE_O_PIZOTE;21304_BIJAGUA;21305_DELICIAS;21306_DOS_RIOS;21307_YOLILLAL;21308_CANALETE;21401_LOS_CHILES;21402_CAÑO_NEGRO;21403_EL_AMPARO;21404_SAN_JORGE;21501_SAN_RAFAEL;21502_BUENAVISTA;21503_COTE;21504_KATIRA;30101_ORIENTAL;30102_OCCIDENTAL;30103_CARMEN;30104_SAN_NICOLAS;30105_AGUACALIENTE;30106_GUADALUPE;30107_CORRALILLO;30108_TIERRA_BLANCA;30109_DULCE_NOMBRE;30110_LLANO_GRANDE;30111_QUEBRADILLAS;30201_PARAISO;30202_SANTIAGO;30203_OROSI;30204_CACHI;30205_LLANOS_DE_SANTA_LUCIA;30301_TRES_RIOS;30302_SAN_DIEGO;30303_SAN_JUAN;30304_SAN_RAFAEL;30305_CONCEPCION;30306_DULCE_NOMBRE;30307_SAN_RAMON;30308_RIO_AZUL;30401_JUAN_VIÑAS;30402_TUCURRIQUE;30403_PEJIBAYE;30501_TURRIALBA;30502_LA_SUIZA;30503_PERALTA;30504_SANTA_CRUZ;30505_SANTA_TERESITA;30506_PAVONES;30507_TUIS;30508_TAYUTIC;30509_SANTA_ROSA;30510_TRES_EQUIS;30511_LA_ISABEL;30512_CHIRRIPO;30601_PACAYAS;30602_CERVANTES;30603_CAPELLADES;30701_SAN_RAFAEL;30702_COT;30703_POTRERO_CERRADO;30704_CIPRESES;30705_SANTA_ROSA;30801_EL_TEJAR;30802_SAN_ISIDRO;30803_TOBOSI;30804_PATIO_DE_AGUA;50101_LIBERIA;50102_CAÑAS_DULCES;50103_MAYORGA;50104_NACASCOLO;50105_CURUBANDE;50201_NICOYA;50202_MANSIÓN;50203_SAN_ANTONIO;50204_QUEBRADA_HONDA;50205_SÁMARA;50206_NOSARA;50207_BELÉN_DE_NOSARITA;50301_SANTA_CRUZ;50302_BOLSON;50303_VEINTISIETE_DE_ABRIL;50304_TEMPATE;50305_CARTAGENA;50306_CUAJINIQUIL;50307_DIRIA;50308_CABO_VELAS;50309_TAMARINDO;50401_BAGACES;50402_LA_FORTUNA;50403_MOGOTE;50404_RIO_NARANJO;50501_FILADELFIA;50502_PALMIRA;50503_SARDINAL;50504_BELEN;50601_CAÑAS;50602_PALMIRA;50603_SAN_MIGUEL;50604_BEBEDERO;50605_POROZAL;50701_LAS_JUNTAS;50702_SIERRA;50703_SAN_JUAN;50704_COLORADO;50801_TILARAN;50802_QUEBRADA_GRANDE;50803_TRONADORA;50804_SANTA_ROSA;50805_LIBANO;50806_TIERRAS_MORENAS;50807_ARENAL;50901_CARMONA;50902_SANTA_RITA;50903_ZAPOTAL;50904_SAN_PABLO;50905_PORVENIR;50906_BEJUCO;51001_LA_CRUZ;51002_SANTA_CECILIA;51003_LA_GARITA;51004_SANTA_ELENA;51101_HOJANCHA;51102_MONTEROMO;51103_PUERTO_CARRILLO;51104_HUACAS;60101_PUNTARENAS;60102_PITAHAYA;60103_CHOMES;60104_LEPANTO;60105_PAQUERA;60106_MANZANILLO;60107_GUACIMAL;60108_BARRANCA;60109_MONTE_VERDE;60111_COBANO;60112_CHACARITA;60113_CHIRA;60114_ACAPULCO;60115_EL_ROBLE;60116_ARANCIBIA;60201_ESPIRITU_SANTO;60202_SAN_JUAN_GRANDE;60203_MACACONA;60204_SAN_RAFAEL;60205_SAN_JERONIMO;60301_BUENOS_AIRES;60302_VOLCAN;60303_POTRERO_GRANDE;60304_BORUCA;60305_PILAS;60306_COLINAS;60307_CHANGUENA;60308_BIOLLEY;60309_BRUNKA;60401_MIRAMAR;60402_LA_UNION;60403_SAN_ISIDRO;60501_PUERTO_CORTES;60502_PALMAR;60503_SIERPE;60504_BAHIA_BALLENA;60505_PIEDRAS_BLANCAS;60506_BAHIA_DRAKE;60601_QUEPOS;60602_SAVEGRE;60603_NARANJITO;60701_GOLFITO;60702_PUERTO_JIMENEZ;60703_GUAYCARA;60704_PAVON;60801_SAN_VITO;60802_SABALITO;60803_AGUABUENA;60804_LIMONCITO;60805_PITTIER;60901_PARRITA;61001_CORREDOR;61002_LA_CUESTA;61003_CANOAS;61004_LAUREL;61101_JACO;61102_TARCOLES "I:\AJUSTE DTA\DTA\Dist.shp" "Id "Id" true true false 6 Long 0 6 ,First,#,40101_HEREDIA,Id,-1,-1,40102_MERCEDES,Id,-1,-1,40103_SAN_FRANCISCO,Id,-1,-1,40104_ULLOA,Id,-1,-1,40105_VARABLANCA,Id,-1,-1,40201_BARVA,Id,-1,-1,40202_SAN_PEDRO,Id,-1,-1,40203_SAN_PABLO,Id,-1,-1,40204_SAN_ROQUE,Id,-1,-1,40205_SANTA_LUCIA,Id,-1,-1,40206_SAN_JOSE_DE_LA_MONTAÑA,Id,-1,-1,40301_SANTO_DOMINGO,Id,-1,-1,40302_SAN_VICENTE,Id,-1,-1,40303_SAN_MIGUEL,Id,-1,-1,40304_PARACITO,Id,-1,-1,40305_SANTO_TOMAS,Id,-1,-1,40306_SANTA_ROSA,Id,-1,-1,40307_TURES,Id,-1,-1,40308_PARA,Id,-1,-1,40401_SANTA_BARBARA,Id,-1,-1,40402_SAN_PEDRO,Id,-1,-1,40403_SAN_JUAN,Id,-1,-1,40404_JESUS,Id,-1,-1,40405_SANTO_DOMINGO,Id,-1,-1,40406_PURABA,Id,-1,-1,40501_SAN_RAFAEL,Id,-1,-1,40502_SAN_JOSECITO,Id,-1,-1,40503_SANTIAGO,Id,-1,-1,40504_ANGELES,Id,-1,-1,40505_CONCEPCION,Id,-1,-1,40601_SAN_ISIDRO,Id,-1,-1,40602_SAN_JOSE,Id,-1,-1,40603_CONCEPCION,Id,-1,-1,40604_SAN_FRANCISCO,Id,-1,-1,40701_SAN_ANTONIO,Id,-1,-1,40702_LA_RIBERA,Id,-1,-1,40703_LA_ASUNCION,Id,-1,-1,40801_SAN_JOAQUIN,Id,-1,-1,40802_BARRANTES,Id,-1,-1,40803_LLORENTE,Id,-1,-1,40901_SAN_PABLO,Id,-1,-1,40902_RINCON_DE_SABANILLA,Id,-1,-1,41001_PUERTO_VIEJO,Id,-1,-1,41002_LA_VIRGEN,Id,-1,-1,41003_LAS_HORQUETAS,Id,-1,-1,41004_LLANURAS_DEL_GASPAR,Id,-1,-1,41005_CUREÑA,Id,-1,-1,10101_EL_CARMEN,Id,-1,-1,10102_MERCED,Id,-1,-1,10103_HOSPITAL,Id,-1,-1,10104_CATEDRAL,Id,-1,-1,10105_ZAPOTE,Id,-1,-1,10106_SAN_FRANCISCO_DE_DOS_RIOS,Id,-1,-1,10107_URUCA,Id,-1,-1,10108_MATA_REDONDA,Id,-1,-1,10109_PAVAS,Id,-1,-1,10110_HATILLO,Id,-1,-1,10111_SAN_SEBASTIAN,Id,-1,-1,10201_ESCAZU,Id,-1,-1,10202_SAN_ANTONIO,Id,-1,-1,10203_SAN_RAFAEL,Id,-1,-1,10301_DESAMPARADOS,Id,-1,-1,10302_SAN_MIGUEL,Id,-1,-1,10303_SAN_JUAN_DE_DIOS,Id,-1,-1,10304_SAN_RAFAEL_ARRIBA,Id,-1,-1,10305_SAN_ANTONIO,Id,-1,-1,10306_FRAILES,Id,-1,-1,10307_PATARRA,Id,-1,-1,10308_SAN_CRISTOBAL,Id,-1,-1,10309_ROSARIO,Id,-1,-1,10310_DAMAS,Id,-1,-1,10311_SAN_RAFAEL_ABAJO,Id,-1,-1,10312_GRAVILIAS,Id,-1,-1,10313_LOS_GUIDO,Id,-1,-1,10401_SANTIAGO,Id,-1,-1,10402_MERCEDES_SUR,Id,-1,-1,10403_BARBACOAS,Id,-1,-1,10404_GRIFO_ALTO,Id,-1,-1,10405_SAN_RAFAEL,Id,-1,-1,10406_CANDELARITA,Id,-1,-1,10407_DESAMPARADITOS,Id,-1,-1,10408_SAN_ANTONIO,Id,-1,-1,10409_CHIRES,Id,-1,-1,10501_SAN_MARCOS,Id,-1,-1,10502_SAN_LORENZO,Id,-1,-1,10503_SAN_CARLOS,Id,-1,-1,10601_ASERRI,Id,-1,-1,10602_TARBACA,Id,-1,-1,10603_VUELTA_DE_JORCO,Id,-1,-1,10604_SAN_GABRIEL,Id,-1,-1,10605_LEGUA,Id,-1,-1,10606_MONTERREY,Id,-1,-1,10607_SALITRILLOS,Id,-1,-1,10701_COLON,Id,-1,-1,10702_GUAYABO,Id,-1,-1,10703_TABARCIA,Id,-1,-1,10704_PIEDRAS_NEGRAS,Id,-1,-1,10705_PICAGRES,Id,-1,-1,10706_JARIS,Id,-1,-1,10801_GUADALUPE,Id,-1,-1,10802_SAN_FRANCISCO,Id,-1,-1,10803_CALLE_BLANCOS,Id,-1,-1,10804_MATA_DE_PLATANO,Id,-1,-1,10805_IPIS,Id,-1,-1,10806_RANCHO_REDONDO,Id,-1,-1,10807_PURRAL,Id,-1,-1,10901_SANTA_ANA,Id,-1,-1,10902_SALITRAL,Id,-1,-1,10903_POZOS,Id,-1,-1,10904_URUCA,Id,-1,-1,10905_PIEDADES,Id,-1,-1,10906_BRASIL,Id,-1,-1,11001_ALAJUELITA,Id,-1,-1,11002_SAN_JOSECITO,Id,-1,-1,11003_SAN_ANTONIO,Id,-1,-1,11004_CONCEPCION,Id,-1,-1,11005_SAN_FELIPE,Id,-1,-1,11101_SAN_ISIDRO,Id,-1,-1,11102_SAN_RAFAEL,Id,-1,-1,11103_DULCE_NOMBRE_DE_JESUS,Id,-1,-1,11104_PATALILLO,Id,-1,-1,11105_CASCAJAL,Id,-1,-1,11201_SAN_IGNACIO,Id,-1,-1,11202_GUAITIL,Id,-1,-1,11203_PALMICHAL,Id,-1,-1,11204_CANGREJAL,Id,-1,-1,11205_SABANILLAS,Id,-1,-1,11301_SAN_JUAN,Id,-1,-1,11302_CINCO_ESQUINAS,Id,-1,-1,11303_ANSELMO_LLORENTE,Id,-1,-1,11304_LEON_XIII,Id,-1,-1,11305_COLIMA,Id,-1,-1,11401_SAN_VICENTE,Id,-1,-1,11402_SAN_JERONIMO,Id,-1,-1,11403_LA_TRINIDAD,Id,-1,-1,11501_SAN_PEDRO,Id,-1,-1,11502_SABANILLA,Id,-1,-1,11503_MERCEDES,Id,-1,-1,11504_SAN_RAFAEL,Id,-1,-1,11601_SAN_PABLO,Id,-1,-1,11602_SAN_PEDRO,Id,-1,-1,11603_SAN_JUAN_MATA,Id,-1,-1,11604_SAN_LUIS,Id,-1,-1,11605_CARARA,Id,-1,-1,11701_SANTA_MARIA,Id,-1,-1,11702_JARDIN,Id,-1,-1,11703_COPEY,Id,-1,-1,11801_CURRIDABAT,Id,-1,-1,11802_GRANADILLA,Id,-1,-1,11803_SANCHEZ,Id,-1,-1,11804_TIRRASES,Id,-1,-1,11901_SAN_ISIDRO_DEL_GENERAL,Id,-1,-1,11902_EL_GENERAL,Id,-1,-1,11903_DANIEL_FLORES,Id,-1,-1,11904_RIVAS,Id,-1,-1,11905_SAN_PEDRO,Id,-1,-1,11906_PLATANARES,Id,-1,-1,11907_PEJIBAYE,Id,-1,-1,11908_CAJON,Id,-1,-1,11909_BARU,Id,-1,-1,11910_RIO_NUEVO,Id,-1,-1,11911_PARAMO,Id,-1,-1,12001_SAN_PABLO,Id,-1,-1,12002_SAN_ANDRES,Id,-1,-1,12003_LLANO_BONITO,Id,-1,-1,12004_SAN_ISIDRO,Id,-1,-1,12005_SANTA_CRUZ,Id,-1,-1,12006_SAN_ANTONIO,Id,-1,-1,20101_ALAJUELA,Id,-1,-1,20102_SAN_JOSE,Id,-1,-1,20103_CARRIZAL,Id,-1,-1,20104_SAN_ANTONIO,Id,-1,-1,20105_GUACIMA,Id,-1,-1,20106_SAN_ISIDRO,Id,-1,-1,20107_SABANILLA,Id,-1,-1,20108_SAN_RAFAEL,Id,-1,-1,20109_RIO_SEGUNDO,Id,-1,-1,20110_DESAMPARADOS,Id,-1,-1,20111_TURRUCARES,Id,-1,-1,20112_TAMBOR,Id,-1,-1,20113_GARITA,Id,-1,-1,20114_SARAPIQUI,Id,-1,-1,20201_SAN_RAMON,Id,-1,-1,20202_SANTIAGO,Id,-1,-1,20203_SAN_JUAN,Id,-1,-1,20204_PIEDADES_NORTE,Id,-1,-1,20205_PIEDADES_SUR,Id,-1,-1,20206_SAN_RAFAEL,Id,-1,-1,20207_SAN_ISIDRO,Id,-1,-1,20208_ANGELES,Id,-1,-1,20209_ALFARO,Id,-1,-1,20210_VOLIO,Id,-1,-1,20211_CONCEPCION,Id,-1,-1,20212_ZAPOTAL,Id,-1,-1,20213_PEÑAS_BLANCAS,Id,-1,-1,20301_GRECIA,Id,-1,-1,20302_SAN_ISIDRO,Id,-1,-1,20303_SAN_JOSE,Id,-1,-1,20304_SAN_ROQUE,Id,-1,-1,20305_TACARES,Id,-1,-1,20306_RIO_CUARTO,Id,-1,-1,20307_PUENTE_DE_PIEDRA,Id,-1,-1,20308_BOLIVAR,Id,-1,-1,20401_SAN_MATEO,Id,-1,-1,20402_DESMONTE,Id,-1,-1,20403_JESUS_MARIA,Id,-1,-1,20404_LABRADOR,Id,-1,-1,20501_ATENAS,Id,-1,-1,20502_JESUS,Id,-1,-1,20503_MERCEDES,Id,-1,-1,20504_SAN_ISIDRO,Id,-1,-1,20505_CONCEPCION,Id,-1,-1,20506_SAN_JOSE,Id,-1,-1,20507_SANTA_EULALIA,Id,-1,-1,20508_ESCOBAL,Id,-1,-1,20601_NARANJO,Id,-1,-1,20602_SAN_MIGUEL,Id,-1,-1,20603_SAN_JOSE,Id,-1,-1,20604_CIRRI_SUR,Id,-1,-1,20605_SAN_JERONIMO,Id,-1,-1,20606_SAN_JUAN,Id,-1,-1,20607_EL_ROSARIO,Id,-1,-1,20608_PALMITOS,Id,-1,-1,20701_PALMARES,Id,-1,-1,20702_ZARAGOZA,Id,-1,-1,20703_BUENOS_AIRES,Id,-1,-1,20704_SANTIAGO,Id,-1,-1,20705_CANDELARIA,Id,-1,-1,20706_ESQUIPULAS,Id,-1,-1,20707_LA_GRANJA,Id,-1,-1,20801_SAN_PEDRO,Id,-1,-1,20802_SAN_JUAN,Id,-1,-1,20803_SAN_RAFAEL,Id,-1,-1,20804_CARRILLOS,Id,-1,-1,20805_SABANA_REDONDA,Id,-1,-1,20901_OROTINA,Id,-1,-1,20902_EL_MASTATE,Id,-1,-1,20903_HACIENDA_VIEJA,Id,-1,-1,20904_COYOLAR,Id,-1,-1,20905_LA_CEIBA,Id,-1,-1,21001_QUESADA,Id,-1,-1,21002_FLORENCIA,Id,-1,-1,21003_BUENAVISTA,Id,-1,-1,21004_AGUAS_ZARCAS,Id,-1,-1,21005_VENECIA,Id,-1,-1,21006_PITAL,Id,-1,-1,21007_LA_FORTUNA,Id,-1,-1,21008_LA_TIGRA,Id,-1,-1,21009_LA_PALMERA,Id,-1,-1,21010_VENADO,Id,-1,-1,21011_CUTRIS,Id,-1,-1,21012_MONTERREY,Id,-1,-1,21101_ZARCERO,Id,-1,-1,21102_LAGUNA,Id,-1,-1,21103_TAPESCO,Id,-1,-1,21104_GUADALUPE,Id,-1,-1,21105_PALMIRA,Id,-1,-1,21106_ZAPOTE,Id,-1,-1,21107_BRISAS,Id,-1,-1,21201_SARCHI_NORTE,Id,-1,-1,21202_SARCHI_SUR,Id,-1,-1,21203_TORO_AMARILLO,Id,-1,-1,21204_SAN_PEDRO,Id,-1,-1,21205_RODRIGUEZ,Id,-1,-1,21301_UPALA,Id,-1,-1,21302_AGUAS_CLARAS,Id,-1,-1,21303_SAN_JOSE_O_PIZOTE,Id,-1,-1,21304_BIJAGUA,Id,-1,-1,21305_DELICIAS,Id,-1,-1,21306_DOS_RIOS,Id,-1,-1,21307_YOLILLAL,Id,-1,-1,21308_CANALETE,Id,-1,-1,21401_LOS_CHILES,Id,-1,-1,21402_CAÑO_NEGRO,Id,-1,-1,21403_EL_AMPARO,Id,-1,-1,21404_SAN_JORGE,Id,-1,-1,21501_SAN_RAFAEL,Id,-1,-1,21502_BUENAVISTA,Id,-1,-1,21503_COTE,Id,-1,-1,21504_KATIRA,Id,-1,-1,30101_ORIENTAL,Id,-1,-1,30102_OCCIDENTAL,Id,-1,-1,30103_CARMEN,Id,-1,-1,30104_SAN_NICOLAS,Id,-1,-1,30105_AGUACALIENTE,Id,-1,-1,30106_GUADALUPE,Id,-1,-1,30107_CORRALILLO,Id,-1,-1,30108_TIERRA_BLANCA,Id,-1,-1,30109_DULCE_NOMBRE,Id,-1,-1,30110_LLANO_GRANDE,Id,-1,-1,30111_QUEBRADILLAS,Id,-1,-1,30201_PARAISO,Id,-1,-1,30202_SANTIAGO,Id,-1,-1,30203_OROSI,Id,-1,-1,30204_CACHI,Id,-1,-1,30205_LLANOS_DE_SANTA_LUCIA,Id,-1,-1,30301_TRES_RIOS,Id,-1,-1,30302_SAN_DIEGO,Id,-1,-1,30303_SAN_JUAN,Id,-1,-1,30304_SAN_RAFAEL,Id,-1,-1,30305_CONCEPCION,Id,-1,-1,30306_DULCE_NOMBRE,Id,-1,-1,30307_SAN_RAMON,Id,-1,-1,30308_RIO_AZUL,Id,-1,-1,30401_JUAN_VIÑAS,Id,-1,-1,30402_TUCURRIQUE,Id,-1,-1,30403_PEJIBAYE,Id,-1,-1,30501_TURRIALBA,Id,-1,-1,30502_LA_SUIZA,Id,-1,-1,30503_PERALTA,Id,-1,-1,30504_SANTA_CRUZ,Id,-1,-1,30505_SANTA_TERESITA,Id,-1,-1,30506_PAVONES,Id,-1,-1,30507_TUIS,Id,-1,-1,30508_TAYUTIC,Id,-1,-1,30509_SANTA_ROSA,Id,-1,-1,30510_TRES_EQUIS,Id,-1,-1,30511_LA_ISABEL,Id,-1,-1,30512_CHIRRIPO,Id,-1,-1,30601_PACAYAS,Id,-1,-1,30602_CERVANTES,Id,-1,-1,30603_CAPELLADES,Id,-1,-1,30701_SAN_RAFAEL,Id,-1,-1,30702_COT,Id,-1,-1,30703_POTRERO_CERRADO,Id,-1,-1,30704_CIPRESES,Id,-1,-1,30705_SANTA_ROSA,Id,-1,-1,30801_EL_TEJAR,Id,-1,-1,30802_SAN_ISIDRO,Id,-1,-1,30803_TOBOSI,Id,-1,-1,30804_PATIO_DE_AGUA,Id,-1,-1,50101_LIBERIA,Id,-1,-1,50102_CAÑAS_DULCES,Id,-1,-1,50103_MAYORGA,Id,-1,-1,50104_NACASCOLO,Id,-1,-1,50105_CURUBANDE,Id,-1,-1,50201_NICOYA,Id,-1,-1,50202_MANSIÓN,Id,-1,-1,50203_SAN_ANTONIO,Id,-1,-1,50204_QUEBRADA_HONDA,Id,-1,-1,50205_SÁMARA,Id,-1,-1,50206_NOSARA,Id,-1,-1,50207_BELÉN_DE_NOSARITA,Id,-1,-1,50301_SANTA_CRUZ,Id,-1,-1,50302_BOLSON,Id,-1,-1,50303_VEINTISIETE_DE_ABRIL,Id,-1,-1,50304_TEMPATE,Id,-1,-1,50305_CARTAGENA,Id,-1,-1,50306_CUAJINIQUIL,Id,-1,-1,50307_DIRIA,Id,-1,-1,50308_CABO_VELAS,Id,-1,-1,50309_TAMARINDO,Id,-1,-1,50401_BAGACES,Id,-1,-1,50402_LA_FORTUNA,Id,-1,-1,50403_MOGOTE,Id,-1,-1,50404_RIO_NARANJO,Id,-1,-1,50501_FILADELFIA,Id,-1,-1,50502_PALMIRA,Id,-1,-1,50503_SARDINAL,Id,-1,-1,50504_BELEN,Id,-1,-1,50601_CAÑAS,Id,-1,-1,50602_PALMIRA,Id,-1,-1,50603_SAN_MIGUEL,Id,-1,-1,50604_BEBEDERO,Id,-1,-1,50605_POROZAL,Id,-1,-1,50701_LAS_JUNTAS,Id,-1,-1,50702_SIERRA,Id,-1,-1,50703_SAN_JUAN,Id,-1,-1,50704_COLORADO,Id,-1,-1,50801_TILARAN,Id,-1,-1,50802_QUEBRADA_GRANDE,Id,-1,-1,50803_TRONADORA,Id,-1,-1,50804_SANTA_ROSA,Id,-1,-1,50805_LIBANO,Id,-1,-1,50806_TIERRAS_MORENAS,Id,-1,-1,50807_ARENAL,Id,-1,-1,50901_CARMONA,Id,-1,-1,50902_SANTA_RITA,Id,-1,-1,50903_ZAPOTAL,Id,-1,-1,50904_SAN_PABLO,Id,-1,-1,50905_PORVENIR,Id,-1,-1,50906_BEJUCO,Id,-1,-1,51001_LA_CRUZ,Id,-1,-1,51002_SANTA_CECILIA,Id,-1,-1,51003_LA_GARITA,Id,-1,-1,51004_SANTA_ELENA,Id,-1,-1,51101_HOJANCHA,Id,-1,-1,51102_MONTEROMO,Id,-1,-1,51103_PUERTO_CARRILLO,Id,-1,-1,51104_HUACAS,Id,-1,-1,60101_PUNTARENAS,Id,-1,-1,60102_PITAHAYA,Id,-1,-1,60103_CHOMES,Id,-1,-1,60104_LEPANTO,Id,-1,-1,60105_PAQUERA,Id,-1,-1,60106_MANZANILLO,Id,-1,-1,60107_GUACIMAL,Id,-1,-1,60108_BARRANCA,Id,-1,-1,60109_MONTE_VERDE,Id,-1,-1,60111_COBANO,Id,-1,-1,60112_CHACARITA,Id,-1,-1,60113_CHIRA,Id,-1,-1,60114_ACAPULCO,Id,-1,-1,60115_EL_ROBLE,Id,-1,-1,60116_ARANCIBIA,Id,-1,-1,60201_ESPIRITU_SANTO,Id,-1,-1,60202_SAN_JUAN_GRANDE,Id,-1,-1,60203_MACACONA,Id,-1,-1,60204_SAN_RAFAEL,Id,-1,-1,60205_SAN_JERONIMO,Id,-1,-1,60301_BUENOS_AIRES,Id,-1,-1,60302_VOLCAN,Id,-1,-1,60303_POTRERO_GRANDE,Id,-1,-1,60304_BORUCA,Id,-1,-1,60305_PILAS,Id,-1,-1,60306_COLINAS,Id,-1,-1,60307_CHANGUENA,Id,-1,-1,60308_BIOLLEY,Id,-1,-1,60309_BRUNKA,Id,-1,-1,60401_MIRAMAR,Id,-1,-1,60402_LA_UNION,Id,-1,-1,60403_SAN_ISIDRO,Id,-1,-1,60501_PUERTO_CORTES,Id,-1,-1,60502_PALMAR,Id,-1,-1,60503_SIERPE,Id,-1,-1,60504_BAHIA_BALLENA,Id,-1,-1,60505_PIEDRAS_BLANCAS,Id,-1,-1,60506_BAHIA_DRAKE,Id,-1,-1,60601_QUEPOS,Id,-1,-1,60602_SAVEGRE,Id,-1,-1,60603_NARANJITO,Id,-1,-1,60701_GOLFITO,Id,-1,-1,60702_PUERTO_JIMENEZ,Id,-1,-1,60703_GUAYCARA,Id,-1,-1,60704_PAVON,Id,-1,-1,60801_SAN_VITO,Id,-1,-1,60802_SABALITO,Id,-1,-1,60803_AGUABUENA,Id,-1,-1,60804_LIMONCITO,Id,-1,-1,60805_PITTIER,Id,-1,-1,60901_PARRITA,Id,-1,-1,61001_CORREDOR,Id,-1,-1,61002_LA_CUESTA,Id,-1,-1,61003_CANOAS,Id,-1,-1,61004_LAUREL,Id,-1,-1,61101_JACO,Id,-1,-1,61102_TARCOLES,Id,-1,-1;OBJECTID "OBJECTID" true true false 9 Long 0 9 ,First,#,21013_POCOSOL,OBJECTID,-1,-1;Shape_Leng "Shape_Leng" true true false 19 Double 0 0 ,First,#,21013_POCOSOL,Shape_Leng,-1,-1;Shape_Area "Shape_Area" true true false 19 Double 0 0 ,First,#,21013_POCOSOL,Shape_Area,-1,-1"</Process><Process ToolSource="C:\Program Files\ArcGIS\Desktop10.0\ArcToolbox\Toolboxes\Data Management Tools.tbx\CalculateField" Date="20140326" Time="103120">CalculateField Distritos AREA_KM2 "[Shape_Area] /1000000" VB #</Process><Process ToolSource="C:\Program Files\ArcGIS\Desktop10.0\ArcToolbox\Toolboxes\Data Management Tools.tbx\CalculateField" Date="20140326" Time="103311">CalculateField Distritos AREA_KM2 "[Shape_Area] /1000000" VB #</Process><Process ToolSource="c:\program files (x86)\arcgis\desktop10.2\ArcToolbox\Toolboxes\Data Management Tools.tbx\Dissolve" Date="20150325" Time="151025">Dissolve DTA_PRCR_DIST_LINE C:\Users\Leo\Documents\ArcGIS\Default.gdb\DTA_PRCR_DIST_LINE_Dissolve Shape_Length # MULTI_PART DISSOLVE_LINES</Process><Process ToolSource="c:\program files (x86)\arcgis\desktop10.2\ArcToolbox\Toolboxes\Data Management Tools.tbx\CalculateField" Date="20150326" Time="104923">CalculateField DTA_PRCR_DIST_LINE_Dissolve Actualidad_Limites "Viejos" VB #</Process><Process ToolSource="c:\program files (x86)\arcgis\desktop10.2\ArcToolbox\Toolboxes\Data Management Tools.tbx\CalculateField" Date="20150428" Time="104504">CalculateField DTA_PRCR_DIST_LINE_Dissolve ESTADO "listo" VB #</Process><Process ToolSource="c:\program files (x86)\arcgis\desktop10.2\ArcToolbox\Toolboxes\Data Management Tools.tbx\CalculateField" Date="20150428" Time="104658">CalculateField DTA_PRCR_DIST_LINE_Dissolve ESTADO "listo" VB #</Process><Process ToolSource="c:\program files (x86)\arcgis\desktop10.2\ArcToolbox\Toolboxes\Data Management Tools.tbx\CalculateField" Date="20150428" Time="104742">CalculateField DTA_PRCR_DIST_LINE_Dissolve ESTADO "listo" VB #</Process><Process ToolSource="c:\program files (x86)\arcgis\desktop10.2\ArcToolbox\Toolboxes\Data Management Tools.tbx\CalculateField" Date="20150428" Time="104934">CalculateField DTA_PRCR_DIST_LINE_Dissolve ESTADO "listo" VB #</Process><Process ToolSource="c:\program files (x86)\arcgis\desktop10.2\ArcToolbox\Toolboxes\Data Management Tools.tbx\CalculateField" Date="20150428" Time="105049">CalculateField DTA_PRCR_DIST_LINE_Dissolve ESTADO "listo" VB #</Process><Process ToolSource="c:\program files (x86)\arcgis\desktop10.2\ArcToolbox\Toolboxes\Data Management Tools.tbx\CalculateField" Date="20150428" Time="105218">CalculateField DTA_PRCR_DIST_LINE_Dissolve ESTADO "listo" VB #</Process><Process ToolSource="c:\program files (x86)\arcgis\desktop10.2\ArcToolbox\Toolboxes\Data Management Tools.tbx\CalculateField" Date="20150428" Time="105302">CalculateField DTA_PRCR_DIST_LINE_Dissolve ESTADO "listo" VB #</Process><Process ToolSource="c:\program files (x86)\arcgis\desktop10.2\ArcToolbox\Toolboxes\Data Management Tools.tbx\CalculateField" Date="20150428" Time="105520">CalculateField DTA_PRCR_DIST_LINE_Dissolve ESTADO "listo" VB #</Process><Process ToolSource="c:\program files (x86)\arcgis\desktop10.2\ArcToolbox\Toolboxes\Data Management Tools.tbx\CalculateField" Date="20150428" Time="105632">CalculateField DTA_PRCR_DIST_LINE_Dissolve ESTADO "listo" VB #</Process><Process ToolSource="c:\program files (x86)\arcgis\desktop10.2\ArcToolbox\Toolboxes\Data Management Tools.tbx\CalculateField" Date="20150428" Time="110245">CalculateField DTA_PRCR_DIST_LINE_Dissolve ESTADO "listo" VB #</Process><Process ToolSource="c:\program files (x86)\arcgis\desktop10.2\ArcToolbox\Toolboxes\Data Management Tools.tbx\CalculateField" Date="20150428" Time="110401">CalculateField DTA_PRCR_DIST_LINE_Dissolve ESTADO "listo" VB #</Process><Process ToolSource="c:\program files (x86)\arcgis\desktop10.2\ArcToolbox\Toolboxes\Data Management Tools.tbx\CalculateField" Date="20150428" Time="110725">CalculateField DTA_PRCR_DIST_LINE_Dissolve ESTADO "listo" VB #</Process><Process ToolSource="c:\program files (x86)\arcgis\desktop10.2\ArcToolbox\Toolboxes\Data Management Tools.tbx\CalculateField" Date="20150428" Time="110922">CalculateField DTA_PRCR_DIST_LINE_Dissolve ESTADO "listo" VB #</Process><Process ToolSource="c:\program files (x86)\arcgis\desktop10.2\ArcToolbox\Toolboxes\Data Management Tools.tbx\CalculateField" Date="20150428" Time="111125">CalculateField DTA_PRCR_DIST_LINE_Dissolve ESTADO "listo" VB #</Process><Process ToolSource="c:\program files (x86)\arcgis\desktop10.2\ArcToolbox\Toolboxes\Data Management Tools.tbx\CalculateField" Date="20150428" Time="111417">CalculateField DTA_PRCR_DIST_LINE_Dissolve ESTADO "listo" VB #</Process><Process ToolSource="c:\program files (x86)\arcgis\desktop10.2\ArcToolbox\Toolboxes\Data Management Tools.tbx\CalculateField" Date="20150428" Time="111501">CalculateField DTA_PRCR_DIST_LINE_Dissolve ESTADO "listo" VB #</Process><Process ToolSource="c:\program files (x86)\arcgis\desktop10.2\ArcToolbox\Toolboxes\Data Management Tools.tbx\CalculateField" Date="20150428" Time="111617">CalculateField DTA_PRCR_DIST_LINE_Dissolve ESTADO "listo" VB #</Process><Process ToolSource="c:\program files (x86)\arcgis\desktop10.2\ArcToolbox\Toolboxes\Data Management Tools.tbx\CalculateField" Date="20150428" Time="111712">CalculateField DTA_PRCR_DIST_LINE_Dissolve ESTADO "listo" VB #</Process><Process ToolSource="c:\program files (x86)\arcgis\desktop10.2\ArcToolbox\Toolboxes\Data Management Tools.tbx\CalculateField" Date="20150428" Time="111759">CalculateField DTA_PRCR_DIST_LINE_Dissolve ESTADO "listo" VB #</Process><Process ToolSource="c:\program files (x86)\arcgis\desktop10.2\ArcToolbox\Toolboxes\Data Management Tools.tbx\CalculateField" Date="20150428" Time="111940">CalculateField DTA_PRCR_DIST_LINE_Dissolve ESTADO "listo" VB #</Process><Process ToolSource="c:\program files (x86)\arcgis\desktop10.2\ArcToolbox\Toolboxes\Data Management Tools.tbx\CalculateField" Date="20150428" Time="112027">CalculateField DTA_PRCR_DIST_LINE_Dissolve ESTADO "listo" VB #</Process><Process ToolSource="c:\program files (x86)\arcgis\desktop10.2\ArcToolbox\Toolboxes\Data Management Tools.tbx\CalculateField" Date="20150428" Time="112218">CalculateField DTA_PRCR_DIST_LINE_Dissolve ESTADO "listo" VB #</Process><Process ToolSource="c:\program files (x86)\arcgis\desktop10.2\ArcToolbox\Toolboxes\Data Management Tools.tbx\CalculateField" Date="20150428" Time="124510">CalculateField DTA_PRCR_DIST_LINE_Dissolve ESTADO "listo" VB #</Process><Process ToolSource="c:\program files (x86)\arcgis\desktop10.2\ArcToolbox\Toolboxes\Data Management Tools.tbx\CalculateField" Date="20150428" Time="124609">CalculateField DTA_PRCR_DIST_LINE_Dissolve ESTADO "listo" VB #</Process><Process ToolSource="c:\program files (x86)\arcgis\desktop10.2\ArcToolbox\Toolboxes\Data Management Tools.tbx\CalculateField" Date="20150428" Time="124716">CalculateField DTA_PRCR_DIST_LINE_Dissolve ESTADO "listo" VB #</Process><Process ToolSource="c:\program files (x86)\arcgis\desktop10.2\ArcToolbox\Toolboxes\Data Management Tools.tbx\CalculateField" Date="20150428" Time="124917">CalculateField DTA_PRCR_DIST_LINE_Dissolve ESTADO "listo" VB #</Process><Process ToolSource="c:\program files (x86)\arcgis\desktop10.2\ArcToolbox\Toolboxes\Data Management Tools.tbx\CalculateField" Date="20150428" Time="125018">CalculateField DTA_PRCR_DIST_LINE_Dissolve ESTADO "listo" VB #</Process><Process ToolSource="c:\program files (x86)\arcgis\desktop10.2\ArcToolbox\Toolboxes\Data Management Tools.tbx\CalculateField" Date="20150428" Time="125059">CalculateField DTA_PRCR_DIST_LINE_Dissolve ESTADO "listo" VB #</Process><Process ToolSource="c:\program files (x86)\arcgis\desktop10.2\ArcToolbox\Toolboxes\Data Management Tools.tbx\CalculateField" Date="20150428" Time="125350">CalculateField DTA_PRCR_DIST_LINE_Dissolve ESTADO "listo" VB #</Process><Process ToolSource="c:\program files (x86)\arcgis\desktop10.2\ArcToolbox\Toolboxes\Data Management Tools.tbx\CalculateField" Date="20150428" Time="125627">CalculateField DTA_PRCR_DIST_LINE_Dissolve ESTADO "listo" VB #</Process><Process ToolSource="c:\program files (x86)\arcgis\desktop10.2\ArcToolbox\Toolboxes\Data Management Tools.tbx\CalculateField" Date="20150428" Time="125709">CalculateField DTA_PRCR_DIST_LINE_Dissolve ESTADO "listo" VB #</Process><Process ToolSource="c:\program files (x86)\arcgis\desktop10.2\ArcToolbox\Toolboxes\Data Management Tools.tbx\CalculateField" Date="20150428" Time="125821">CalculateField DTA_PRCR_DIST_LINE_Dissolve ESTADO "listo" VB #</Process><Process ToolSource="c:\program files (x86)\arcgis\desktop10.2\ArcToolbox\Toolboxes\Data Management Tools.tbx\CalculateField" Date="20150428" Time="125923">CalculateField DTA_PRCR_DIST_LINE_Dissolve ESTADO "listo" VB #</Process><Process ToolSource="c:\program files (x86)\arcgis\desktop10.2\ArcToolbox\Toolboxes\Data Management Tools.tbx\CalculateField" Date="20150428" Time="130018">CalculateField DTA_PRCR_DIST_LINE_Dissolve ESTADO "listo" VB #</Process><Process ToolSource="c:\program files (x86)\arcgis\desktop10.2\ArcToolbox\Toolboxes\Data Management Tools.tbx\CalculateField" Date="20150831" Time="114145">CalculateField DTA_PRCR_DIST_LINE_Dissolve ESTADO "listo" VB #</Process><Process ToolSource="c:\program files\arcgis\desktop10.3\ArcToolbox\Toolboxes\Data Management Tools.tbx\CalculateField" Date="20160121" Time="065223">CalculateField DTA_PRCR_DIST_LINE_Dissolve ESTADO "listo" VB #</Process><Process ToolSource="c:\program files\arcgis\desktop10.3\ArcToolbox\Toolboxes\Data Management Tools.tbx\CalculateField" Date="20160122" Time="093752">CalculateField DTA_PRCR_DIST_LINE_Dissolve ESTADO "listo" VB #</Process><Process ToolSource="c:\program files\arcgis\desktop10.3\ArcToolbox\Toolboxes\Data Management Tools.tbx\CalculateField" Date="20160122" Time="094039">CalculateField DTA_PRCR_DIST_LINE_Dissolve ESTADO "listo" VB #</Process><Process ToolSource="c:\program files\arcgis\desktop10.3\ArcToolbox\Toolboxes\Data Management Tools.tbx\CalculateField" Date="20160122" Time="102813">CalculateField DTA_PRCR_DIST_LINE_Dissolve ESTADO "listo" VB #</Process><Process ToolSource="c:\program files\arcgis\desktop10.3\ArcToolbox\Toolboxes\Data Management Tools.tbx\CalculateField" Date="20160122" Time="102915">CalculateField DTA_PRCR_DIST_LINE_Dissolve ESTADO "listo" VB #</Process><Process ToolSource="c:\program files\arcgis\desktop10.3\ArcToolbox\Toolboxes\Data Management Tools.tbx\CalculateField" Date="20160122" Time="103012">CalculateField DTA_PRCR_DIST_LINE_Dissolve ESTADO "listo" VB #</Process><Process ToolSource="c:\program files\arcgis\desktop10.3\ArcToolbox\Toolboxes\Data Management Tools.tbx\CalculateField" Date="20160122" Time="103237">CalculateField DTA_PRCR_DIST_LINE_Dissolve ESTADO "listo" VB #</Process><Process ToolSource="c:\program files\arcgis\desktop10.3\ArcToolbox\Toolboxes\Data Management Tools.tbx\CalculateField" Date="20160122" Time="104337">CalculateField DTA_PRCR_DIST_LINE_Dissolve ESTADO "listo" VB #</Process><Process ToolSource="c:\program files\arcgis\desktop10.3\ArcToolbox\Toolboxes\Data Management Tools.tbx\CalculateField" Date="20160122" Time="104408">CalculateField DTA_PRCR_DIST_LINE_Dissolve ESTADO "listo" VB #</Process><Process ToolSource="c:\program files\arcgis\desktop10.3\ArcToolbox\Toolboxes\Data Management Tools.tbx\CalculateField" Date="20160122" Time="104600">CalculateField DTA_PRCR_DIST_LINE_Dissolve ESTADO "listo" VB #</Process><Process ToolSource="c:\program files\arcgis\desktop10.3\ArcToolbox\Toolboxes\Data Management Tools.tbx\CalculateField" Date="20160122" Time="104640">CalculateField DTA_PRCR_DIST_LINE_Dissolve ESTADO "listo" VB #</Process><Process ToolSource="c:\program files\arcgis\desktop10.3\ArcToolbox\Toolboxes\Data Management Tools.tbx\CalculateField" Date="20160122" Time="104717">CalculateField DTA_PRCR_DIST_LINE_Dissolve ESTADO "listo" VB #</Process><Process ToolSource="c:\program files\arcgis\desktop10.3\ArcToolbox\Toolboxes\Data Management Tools.tbx\CalculateField" Date="20160122" Time="105041">CalculateField DTA_PRCR_DIST_LINE_Dissolve ESTADO "listo" VB #</Process><Process ToolSource="c:\program files\arcgis\desktop10.3\ArcToolbox\Toolboxes\Data Management Tools.tbx\CalculateField" Date="20160122" Time="105119">CalculateField DTA_PRCR_DIST_LINE_Dissolve ESTADO "listo" VB #</Process><Process ToolSource="c:\program files\arcgis\desktop10.3\ArcToolbox\Toolboxes\Data Management Tools.tbx\CalculateField" Date="20160122" Time="105211">CalculateField DTA_PRCR_DIST_LINE_Dissolve ESTADO "listo" VB #</Process><Process ToolSource="c:\program files\arcgis\desktop10.3\ArcToolbox\Toolboxes\Data Management Tools.tbx\CalculateField" Date="20160122" Time="105243">CalculateField DTA_PRCR_DIST_LINE_Dissolve ESTADO "listo" VB #</Process><Process ToolSource="c:\program files\arcgis\desktop10.3\ArcToolbox\Toolboxes\Data Management Tools.tbx\CalculateField" Date="20160122" Time="142609">CalculateField DTA_PRCR_DIST_LINE_Dissolve ESTADO "listo" VB #</Process><Process ToolSource="c:\program files\arcgis\desktop10.3\ArcToolbox\Toolboxes\Data Management Tools.tbx\CalculateField" Date="20160122" Time="142744">CalculateField DTA_PRCR_DIST_LINE_Dissolve ESTADO "listo" VB #</Process><Process ToolSource="c:\program files\arcgis\desktop10.3\ArcToolbox\Toolboxes\Data Management Tools.tbx\CalculateField" Date="20160122" Time="143058">CalculateField DTA_PRCR_DIST_LINE_Dissolve ESTADO "listo" VB #</Process><Process ToolSource="c:\program files\arcgis\desktop10.3\ArcToolbox\Toolboxes\Data Management Tools.tbx\CalculateField" Date="20160122" Time="143534">CalculateField DTA_PRCR_DIST_LINE_Dissolve ESTADO "listo" VB #</Process><Process ToolSource="c:\program files\arcgis\desktop10.3\ArcToolbox\Toolboxes\Data Management Tools.tbx\CalculateField" Date="20160122" Time="143918">CalculateField DTA_PRCR_DIST_LINE_Dissolve ESTADO "listo" VB #</Process><Process ToolSource="c:\program files\arcgis\desktop10.3\ArcToolbox\Toolboxes\Data Management Tools.tbx\CalculateField" Date="20160122" Time="143935">CalculateField DTA_PRCR_DIST_LINE_Dissolve ESTADO "listo" VB #</Process><Process ToolSource="c:\program files\arcgis\desktop10.3\ArcToolbox\Toolboxes\Data Management Tools.tbx\CalculateField" Date="20160122" Time="143947">CalculateField DTA_PRCR_DIST_LINE_Dissolve ESTADO "listo" VB #</Process><Process ToolSource="c:\program files\arcgis\desktop10.3\ArcToolbox\Toolboxes\Data Management Tools.tbx\CalculateField" Date="20160122" Time="144152">CalculateField DTA_PRCR_DIST_LINE_Dissolve ESTADO "listo" VB #</Process><Process ToolSource="c:\program files (x86)\arcgis\desktop10.3\ArcToolbox\Toolboxes\Data Management Tools.tbx\CalculateField" Date="20160229" Time="113109">CalculateField DTA_PRCR_DIST_LINE_Dissolve ESTADO "listo" VB #</Process><Process ToolSource="c:\program files (x86)\arcgis\desktop10.3\ArcToolbox\Toolboxes\Data Management Tools.tbx\CalculateField" Date="20160302" Time="153712">CalculateField DTA_PRCR_DIST_LINE_Dissolve ESTADO "listo" VB #</Process><Process ToolSource="c:\program files (x86)\arcgis\desktop10.3\ArcToolbox\Toolboxes\Analysis Tools.tbx\SpatialJoin" Date="20160415" Time="094954">SpatialJoin DTA_5000_TEMP_v2 centroides "D:\DTA 1_5000\TEMP\DTA5000_CENTROI_V1.shp" JOIN_ONE_TO_ONE KEEP_ALL "Id "Id" true true false 6 Long 0 6 ,First,#,DTA_5000_TEMP_v2,Id,-1,-1;OBJECTID_1 "OBJECTID_1" true true false 9 Long 0 9 ,First,#,centroides,OBJECTID_1,-1,-1;ID_1 "ID_1" true true false 9 Long 0 9 ,First,#,centroides,ID,-1,-1;AREA "AREA" true true false 19 Double 0 0 ,First,#,centroides,AREA,-1,-1;PERIMETER "PERIMETER" true true false 19 Double 0 0 ,First,#,centroides,PERIMETER,-1,-1;COD_DIST "COD_DIST" true true false 19 Double 0 0 ,First,#,centroides,COD_DIST,-1,-1;COD_CANT "COD_CANT" true true false 19 Double 0 0 ,First,#,centroides,COD_CANT,-1,-1;AREA_KM2 "AREA_KM2" true true false 19 Double 0 0 ,First,#,centroides,AREA_KM2,-1,-1;COD_PROV "COD_PROV" true true false 19 Double 0 0 ,First,#,centroides,COD_PROV,-1,-1;NOM_DIST "NOM_DIST" true true false 30 Text 0 0 ,First,#,centroides,NOM_DIST,-1,-1;NOM_CANT "NOM_CANT" true true false 30 Text 0 0 ,First,#,centroides,NOM_CANT,-1,-1;NOM_PROV "NOM_PROV" true true false 30 Text 0 0 ,First,#,centroides,NOM_PROV,-1,-1;CANTON "CANTON" true true false 30 Text 0 0 ,First,#,centroides,CANTON,-1,-1;HECTARES "HECTARES" true true false 19 Double 0 0 ,First,#,centroides,HECTARES,-1,-1;OBJECTID "OBJECTID" true true false 9 Long 0 9 ,First,#,centroides,OBJECTID,-1,-1;COD_DIS_DI "COD_DIS_DI" true true false 9 Long 0 9 ,First,#,centroides,COD_DIS_DI,-1,-1;ORIG_FID "ORIG_FID" true true false 10 Long 0 10 ,First,#,centroides,ORIG_FID,-1,-1" INTERSECT # #</Process><Process ToolSource="c:\program files (x86)\arcgis\desktop10.3\ArcToolbox\Toolboxes\Data Management Tools.tbx\CalculateField" Date="20160419" Time="102207">CalculateField DTA5000_CENTROI_V1 NOMBRE [NOM_DIST] VB #</Process><Process ToolSource="c:\program files (x86)\arcgis\desktop10.3\ArcToolbox\Toolboxes\Data Management Tools.tbx\CalculateField" Date="20160419" Time="102842">CalculateField DTA5000_CENTROI_V1 NOMBRE [NOM_DIST] VB #</Process><Process ToolSource="c:\program files (x86)\arcgis\desktop10.3\ArcToolbox\Toolboxes\Data Management Tools.tbx\CalculateField" Date="20160419" Time="105247">CalculateField DTA5000_CENTROI_V1 CODIGO LI_160105 VB #</Process><Process ToolSource="c:\program files (x86)\arcgis\desktop10.3\ArcToolbox\Toolboxes\Data Management Tools.tbx\CalculateField" Date="20160420" Time="150439">CalculateField DTA5000_CENTROI_V1 NOM_DISTR [NOMBRE] VB #</Process><Process ToolSource="c:\program files (x86)\arcgis\desktop10.3\ArcToolbox\Toolboxes\Data Management Tools.tbx\CalculateField" Date="20160420" Time="150455">CalculateField DTA5000_CENTROI_V1 NOM_DISTR [NOMBRE] VB #</Process><Process ToolSource="c:\program files (x86)\arcgis\desktop10.3\ArcToolbox\Toolboxes\Data Management Tools.tbx\CalculateField" Date="20160420" Time="150640">CalculateField DTA5000_CENTROI_V1 COD_DISTR [COD_DIST] VB #</Process><Process ToolSource="c:\program files (x86)\arcgis\desktop10.3\ArcToolbox\Toolboxes\Data Management Tools.tbx\CalculateField" Date="20160420" Time="150737">CalculateField DTA5000_CENTROI_V1 COD_CANTON [COD_CANT] VB #</Process><Process ToolSource="c:\program files (x86)\arcgis\desktop10.3\ArcToolbox\Toolboxes\Data Management Tools.tbx\CalculateField" Date="20160513" Time="103816">CalculateField DTA_5000_v1_4 ORIGEN "DTA" VB #</Process><Process ToolSource="c:\program files (x86)\arcgis\desktop10.3\ArcToolbox\Toolboxes\Data Management Tools.tbx\CalculateField" Date="20160513" Time="104406">CalculateField DTA_5000_v1_4 Entity "Polygon" VB #</Process><Process ToolSource="c:\program files (x86)\arcgis\desktop10.3\ArcToolbox\Toolboxes\Data Management Tools.tbx\CalculateField" Date="20160513" Time="105259">CalculateField DTA_5000_v1_4 CATEGORIA "LIMITE DISTRITAL" VB #</Process><Process ToolSource="c:\program files (x86)\arcgis\desktop10.3\ArcToolbox\Toolboxes\Data Management Tools.tbx\CalculateField" Date="20160513" Time="105416">CalculateField DTA_5000_v1_4 COD_IGN "160105" VB #</Process><Process ToolSource="c:\program files (x86)\arcgis\desktop10.3\ArcToolbox\Toolboxes\Data Management Tools.tbx\CalculateField" Date="20160513" Time="105837">CalculateField DTA_5000_v1_4 NOMBRE [NOM_DISTR] VB #</Process><Process ToolSource="c:\program files (x86)\arcgis\desktop10.3\ArcToolbox\Toolboxes\Conversion Tools.tbx\FeatureClassToFeatureClass" Date="20160523" Time="135817">FeatureClassToFeatureClass DTA_5000_v1_4 "D:\DTA 1_5000\METADATOS DTA 1_5000\Topologia IGN-SERESCO.gdb\DTA_5000" tOPO_DTA_5000 # "Id "Id" true true false 6 Long 0 6 ,First,#,DTA_5000_v1_4,Id,-1,-1;COD_PROV "COD_PROV" true true false 19 Double 0 0 ,First,#,DTA_5000_v1_4,COD_PROV,-1,-1;NOM_CANT "NOM_CANT" true true false 30 Text 0 0 ,First,#,DTA_5000_v1_4,NOM_CANT,-1,-1;NOM_PROV "NOM_PROV" true true false 30 Text 0 0 ,First,#,DTA_5000_v1_4,NOM_PROV,-1,-1;CANTON "CANTON" true true false 30 Text 0 0 ,First,#,DTA_5000_v1_4,CANTON,-1,-1;COD_DIS_DI "COD_DIS_DI" true true false 9 Long 0 9 ,First,#,DTA_5000_v1_4,COD_DIS_DI,-1,-1;CODIGO "CODIGO" true true false 6 Text 0 0 ,First,#,DTA_5000_v1_4,CODIGO,-1,-1;PERIMETRO "PERIMETRO" true true false 10 Long 0 10 ,First,#,DTA_5000_v1_4,PERIMETRO,-1,-1;AREA "AREA" true true false 10 Long 0 10 ,First,#,DTA_5000_v1_4,AREA,-1,-1;POBLACION "POBLACION" true true false 10 Long 0 10 ,First,#,DTA_5000_v1_4,POBLACION,-1,-1;TIPO_OFI "TIPO_OFI" true true false 10 Text 0 0 ,First,#,DTA_5000_v1_4,TIPO_OFI,-1,-1;LEY_DECRET "LEY_DECRET" true true false 50 Text 0 0 ,First,#,DTA_5000_v1_4,LEY_DECRET,-1,-1;TIPO_LIMIT "TIPO_LIMIT" true true false 10 Text 0 0 ,First,#,DTA_5000_v1_4,TIPO_LIMIT,-1,-1;FECHA "FECHA" true true false 10 Text 0 0 ,First,#,DTA_5000_v1_4,FECHA,-1,-1;UBIC_GEOG "UBIC_GEOG" true true false 50 Text 0 0 ,First,#,DTA_5000_v1_4,UBIC_GEOG,-1,-1;NOM_DISTR "NOM_DISTR" true true false 30 Text 0 0 ,First,#,DTA_5000_v1_4,NOM_DISTR,-1,-1;COD_DISTR "COD_DISTR" true true false 10 Text 0 0 ,First,#,DTA_5000_v1_4,COD_DISTR,-1,-1;COD_CANTON "COD_CANTON" true true false 10 Text 0 0 ,First,#,DTA_5000_v1_4,COD_CANTON,-1,-1;ORIGEN "ORIGEN" true true false 10 Text 0 0 ,First,#,DTA_5000_v1_4,ORIGEN,-1,-1;Entity "Entity" true true false 16 Text 0 0 ,First,#,DTA_5000_v1_4,Entity,-1,-1;HOJA_50 "HOJA_50" true true false 50 Text 0 0 ,First,#,DTA_5000_v1_4,HOJA_50,-1,-1;CATEGORIA "CATEGORIA" true true false 50 Text 0 0 ,First,#,DTA_5000_v1_4,CATEGORIA,-1,-1;COD_IGN "COD_IGN" true true false 50 Text 0 0 ,First,#,DTA_5000_v1_4,COD_IGN,-1,-1;TIP_LIMITE "TIP_LIMITE" true true false 10 Text 0 0 ,First,#,DTA_5000_v1_4,TIP_LIMITE,-1,-1;NOMBRE "NOMBRE" true true false 50 Text 0 0 ,First,#,DTA_5000_v1_4,NOMBRE,-1,-1;DECRETO "DECRETO" true true false 50 Text 0 0 ,First,#,DTA_5000_v1_4,DECRETO,-1,-1;LOCALIZA "LOCALIZA" true true false 50 Text 0 0 ,First,#,DTA_5000_v1_4,LOCALIZA,-1,-1;FECH_DECRE "FECH_DECRE" true true false 50 Text 0 0 ,First,#,DTA_5000_v1_4,FECH_DECRE,-1,-1;Shape_Leng "Shape_Leng" true true false 19 Double 0 0 ,First,#,DTA_5000_v1_4,Shape_Leng,-1,-1;Shape_Area "Shape_Area" true true false 19 Double 0 0 ,First,#,DTA_5000_v1_4,Shape_Area,-1,-1" #</Process><Process ToolSource="c:\program files\arcgis\desktop10.3\ArcToolbox\Toolboxes\Data Management Tools.tbx\CalculateField" Date="20170109" Time="141502">CalculateField DTA_5000_IGN nombre_ac "Guanacaste" VB #</Process><Process ToolSource="c:\program files\arcgis\desktop10.3\ArcToolbox\Toolboxes\Data Management Tools.tbx\CalculateField" Date="20170109" Time="141522">CalculateField DTA_5000_IGN siglas_ac "ACG" VB #</Process><Process ToolSource="c:\program files\arcgis\desktop10.3\ArcToolbox\Toolboxes\Data Management Tools.tbx\CalculateField" Date="20170109" Time="141712">CalculateField DTA_5000_IGN nombre_ac "Tempisque" VB #</Process><Process ToolSource="c:\program files\arcgis\desktop10.3\ArcToolbox\Toolboxes\Data Management Tools.tbx\CalculateField" Date="20170109" Time="141734">CalculateField DTA_5000_IGN siglas_ac "ACT" VB #</Process><Process ToolSource="c:\program files\arcgis\desktop10.3\ArcToolbox\Toolboxes\Data Management Tools.tbx\CalculateField" Date="20170109" Time="141839">CalculateField DTA_5000_IGN nombre_ac "Tempisque" VB #</Process><Process ToolSource="c:\program files\arcgis\desktop10.3\ArcToolbox\Toolboxes\Data Management Tools.tbx\CalculateField" Date="20170109" Time="141857">CalculateField DTA_5000_IGN siglas_ac "ACT" VB #</Process><Process ToolSource="c:\program files\arcgis\desktop10.3\ArcToolbox\Toolboxes\Data Management Tools.tbx\CalculateField" Date="20170109" Time="142111">CalculateField DTA_5000_IGN nombre_ac "Arenal Tempisque" VB #</Process><Process ToolSource="c:\program files\arcgis\desktop10.3\ArcToolbox\Toolboxes\Data Management Tools.tbx\CalculateField" Date="20170109" Time="142129">CalculateField DTA_5000_IGN siglas_ac "ACAT" VB #</Process><Process ToolSource="c:\program files\arcgis\desktop10.3\ArcToolbox\Toolboxes\Data Management Tools.tbx\CalculateField" Date="20170109" Time="142351">CalculateField DTA_5000_IGN nombre_ac "La Amistad Caribe" VB #</Process><Process ToolSource="c:\program files\arcgis\desktop10.3\ArcToolbox\Toolboxes\Data Management Tools.tbx\CalculateField" Date="20170109" Time="142409">CalculateField DTA_5000_IGN siglas_ac "ACLAC" VB #</Process><Process ToolSource="c:\program files\arcgis\desktop10.3\ArcToolbox\Toolboxes\Data Management Tools.tbx\CalculateField" Date="20170109" Time="142514">CalculateField DTA_5000_IGN nombre_ac "Tortuguero" VB #</Process><Process ToolSource="c:\program files\arcgis\desktop10.3\ArcToolbox\Toolboxes\Data Management Tools.tbx\CalculateField" Date="20170109" Time="142533">CalculateField DTA_5000_IGN siglas_ac "ACTo" VB #</Process><Process ToolSource="c:\program files\arcgis\desktop10.3\ArcToolbox\Toolboxes\Data Management Tools.tbx\CalculateField" Date="20170109" Time="142629">CalculateField DTA_5000_IGN nombre_ac "Tortuguero" VB #</Process><Process ToolSource="c:\program files\arcgis\desktop10.3\ArcToolbox\Toolboxes\Data Management Tools.tbx\CalculateField" Date="20170109" Time="142646">CalculateField DTA_5000_IGN siglas_ac "ACTo" VB #</Process><Process ToolSource="c:\program files\arcgis\desktop10.3\ArcToolbox\Toolboxes\Data Management Tools.tbx\CalculateField" Date="20170109" Time="142803">CalculateField DTA_5000_IGN nombre_ac "Osa" VB #</Process><Process ToolSource="c:\program files\arcgis\desktop10.3\ArcToolbox\Toolboxes\Data Management Tools.tbx\CalculateField" Date="20170109" Time="142819">CalculateField DTA_5000_IGN siglas_ac ACOSA VB #</Process><Process ToolSource="c:\program files\arcgis\desktop10.3\ArcToolbox\Toolboxes\Data Management Tools.tbx\CalculateField" Date="20170109" Time="142837">CalculateField DTA_5000_IGN siglas_ac "ACOSA" VB #</Process><Process ToolSource="c:\program files\arcgis\desktop10.3\ArcToolbox\Toolboxes\Data Management Tools.tbx\CalculateField" Date="20170109" Time="143037">CalculateField DTA_5000_IGN nombre_ac "La Amistad Pacifico" VB #</Process><Process ToolSource="c:\program files\arcgis\desktop10.3\ArcToolbox\Toolboxes\Data Management Tools.tbx\CalculateField" Date="20170109" Time="143056">CalculateField DTA_5000_IGN siglas_ac "ACLAP" VB #</Process><Process ToolSource="c:\program files\arcgis\desktop10.3\ArcToolbox\Toolboxes\Data Management Tools.tbx\CalculateField" Date="20170109" Time="143320">CalculateField DTA_5000_IGN nombre_ac "Pacifico Central" VB #</Process><Process ToolSource="c:\program files\arcgis\desktop10.3\ArcToolbox\Toolboxes\Data Management Tools.tbx\CalculateField" Date="20170109" Time="143503">CalculateField DTA_5000_IGN siglas_ac "ACOPAC" VB #</Process><Process ToolSource="c:\program files\arcgis\desktop10.3\ArcToolbox\Toolboxes\Data Management Tools.tbx\CalculateField" Date="20170109" Time="144047">CalculateField DTA_5000_IGN nombre_ac "Arenal Huetar Norte" VB #</Process><Process ToolSource="c:\program files\arcgis\desktop10.3\ArcToolbox\Toolboxes\Data Management Tools.tbx\CalculateField" Date="20170109" Time="144110">CalculateField DTA_5000_IGN siglas_ac "ACAHN" VB #</Process><Process ToolSource="c:\program files\arcgis\desktop10.3\ArcToolbox\Toolboxes\Data Management Tools.tbx\CalculateField" Date="20170109" Time="144321">CalculateField DTA_5000_IGN siglas_ac "ACAHN" VB #</Process><Process ToolSource="c:\program files\arcgis\desktop10.3\ArcToolbox\Toolboxes\Data Management Tools.tbx\CalculateField" Date="20170109" Time="144345">CalculateField DTA_5000_IGN nombre_ac "Arenal Huetar Norte" VB #</Process><Process ToolSource="c:\program files\arcgis\desktop10.3\ArcToolbox\Toolboxes\Data Management Tools.tbx\CalculateField" Date="20170109" Time="144421">CalculateField DTA_5000_IGN nombre_ac "Arenal Huetar Norte" VB #</Process><Process ToolSource="c:\program files\arcgis\desktop10.3\ArcToolbox\Toolboxes\Data Management Tools.tbx\CalculateField" Date="20170109" Time="144440">CalculateField DTA_5000_IGN siglas_ac "ACAHN" VB #</Process><Process ToolSource="c:\program files\arcgis\desktop10.3\ArcToolbox\Toolboxes\Data Management Tools.tbx\CalculateField" Date="20170109" Time="144522">CalculateField DTA_5000_IGN nombre_ac "Arenal Huetar Norte" VB #</Process><Process ToolSource="c:\program files\arcgis\desktop10.3\ArcToolbox\Toolboxes\Data Management Tools.tbx\CalculateField" Date="20170109" Time="144541">CalculateField DTA_5000_IGN siglas_ac "ACAHN" VB #</Process><Process ToolSource="c:\program files\arcgis\desktop10.3\ArcToolbox\Toolboxes\Data Management Tools.tbx\CalculateField" Date="20170109" Time="144612">CalculateField DTA_5000_IGN siglas_ac "ACAHN" VB #</Process><Process ToolSource="c:\program files\arcgis\desktop10.3\ArcToolbox\Toolboxes\Data Management Tools.tbx\CalculateField" Date="20170109" Time="144636">CalculateField DTA_5000_IGN nombre_ac "Arenal Huetar Norte" VB #</Process><Process ToolSource="c:\program files\arcgis\desktop10.3\ArcToolbox\Toolboxes\Data Management Tools.tbx\CalculateField" Date="20170109" Time="144704">CalculateField DTA_5000_IGN nombre_ac "Arenal Huetar Norte" VB #</Process><Process ToolSource="c:\program files\arcgis\desktop10.3\ArcToolbox\Toolboxes\Data Management Tools.tbx\CalculateField" Date="20170109" Time="144721">CalculateField DTA_5000_IGN siglas_ac "ACAHN" VB #</Process><Process ToolSource="c:\program files\arcgis\desktop10.3\ArcToolbox\Toolboxes\Data Management Tools.tbx\CalculateField" Date="20170109" Time="144816">CalculateField DTA_5000_IGN nombre_ac "Arenal Tempisque" VB #</Process><Process ToolSource="c:\program files\arcgis\desktop10.3\ArcToolbox\Toolboxes\Data Management Tools.tbx\CalculateField" Date="20170109" Time="144836">CalculateField DTA_5000_IGN siglas_ac "ACAT" VB #</Process><Process ToolSource="c:\program files\arcgis\desktop10.3\ArcToolbox\Toolboxes\Data Management Tools.tbx\CalculateField" Date="20170109" Time="144923">CalculateField DTA_5000_IGN nombre_ac "Arenal Huetar Norte" VB #</Process><Process ToolSource="c:\program files\arcgis\desktop10.3\ArcToolbox\Toolboxes\Data Management Tools.tbx\CalculateField" Date="20170109" Time="144942">CalculateField DTA_5000_IGN siglas_ac "ACAHN" VB #</Process><Process ToolSource="c:\program files\arcgis\desktop10.3\ArcToolbox\Toolboxes\Data Management Tools.tbx\CalculateField" Date="20170109" Time="145048">CalculateField DTA_5000_IGN nombre_ac "Central" VB #</Process><Process ToolSource="c:\program files\arcgis\desktop10.3\ArcToolbox\Toolboxes\Data Management Tools.tbx\CalculateField" Date="20170109" Time="145114">CalculateField DTA_5000_IGN siglas_ac "ACC" VB #</Process><Process ToolSource="c:\program files (x86)\arcgis\desktop10.3\ArcToolbox\Toolboxes\Conversion Tools.tbx\FeatureClassToFeatureClass" Date="20170130" Time="105515">FeatureClassToFeatureClass areas_conservacion_mario_30_enero "M:\INFRAESTRUCTURA DE DATOS ESPACIALES DEL SINAC\AREAS DE CONSERVACIÓN\REGIONALIZACION_ENERO\30 enero\ac_30_enero.gdb\ac_30_enero" ac_revision # "FID_areas_ "FID_areas_" true true false 10 Long 0 10 ,First,#,areas_conservacion_mario_30_enero,FID_areas_,-1,-1;OBJECTID "OBJECTID" true true false 10 Long 0 10 ,First,#,areas_conservacion_mario_30_enero,OBJECTID,-1,-1;Id "Id" true true false 10 Long 0 10 ,First,#,areas_conservacion_mario_30_enero,Id,-1,-1;COD_PROV "COD_PROV" true true false 19 Double 0 0 ,First,#,areas_conservacion_mario_30_enero,COD_PROV,-1,-1;NOM_CANT "NOM_CANT" true true false 30 Text 0 0 ,First,#,areas_conservacion_mario_30_enero,NOM_CANT,-1,-1;NOM_PROV "NOM_PROV" true true false 30 Text 0 0 ,First,#,areas_conservacion_mario_30_enero,NOM_PROV,-1,-1;CANTON "CANTON" true true false 30 Text 0 0 ,First,#,areas_conservacion_mario_30_enero,CANTON,-1,-1;COD_DIS_DI "COD_DIS_DI" true true false 10 Long 0 10 ,First,#,areas_conservacion_mario_30_enero,COD_DIS_DI,-1,-1;CODIGO "CODIGO" true true false 6 Text 0 0 ,First,#,areas_conservacion_mario_30_enero,CODIGO,-1,-1;PERIMETRO "PERIMETRO" true true false 10 Long 0 10 ,First,#,areas_conservacion_mario_30_enero,PERIMETRO,-1,-1;AREA "AREA" true true false 10 Long 0 10 ,First,#,areas_conservacion_mario_30_enero,AREA,-1,-1;POBLACION "POBLACION" true true false 10 Long 0 10 ,First,#,areas_conservacion_mario_30_enero,POBLACION,-1,-1;TIPO_OFI "TIPO_OFI" true true false 10 Text 0 0 ,First,#,areas_conservacion_mario_30_enero,TIPO_OFI,-1,-1;LEY_DECRET "LEY_DECRET" true true false 50 Text 0 0 ,First,#,areas_conservacion_mario_30_enero,LEY_DECRET,-1,-1;TIPO_LIMIT "TIPO_LIMIT" true true false 10 Text 0 0 ,First,#,areas_conservacion_mario_30_enero,TIPO_LIMIT,-1,-1;FECHA "FECHA" true true false 10 Text 0 0 ,First,#,areas_conservacion_mario_30_enero,FECHA,-1,-1;UBIC_GEOG "UBIC_GEOG" true true false 50 Text 0 0 ,First,#,areas_conservacion_mario_30_enero,UBIC_GEOG,-1,-1;NOM_DISTR "NOM_DISTR" true true false 30 Text 0 0 ,First,#,areas_conservacion_mario_30_enero,NOM_DISTR,-1,-1;COD_DISTR "COD_DISTR" true true false 10 Text 0 0 ,First,#,areas_conservacion_mario_30_enero,COD_DISTR,-1,-1;ORIGEN "ORIGEN" true true false 10 Text 0 0 ,First,#,areas_conservacion_mario_30_enero,ORIGEN,-1,-1;Entity "Entity" true true false 16 Text 0 0 ,First,#,areas_conservacion_mario_30_enero,Entity,-1,-1;HOJA_50 "HOJA_50" true true false 50 Text 0 0 ,First,#,areas_conservacion_mario_30_enero,HOJA_50,-1,-1;CATEGORIA "CATEGORIA" true true false 50 Text 0 0 ,First,#,areas_conservacion_mario_30_enero,CATEGORIA,-1,-1;COD_IGN "COD_IGN" true true false 50 Text 0 0 ,First,#,areas_conservacion_mario_30_enero,COD_IGN,-1,-1;TIP_LIMITE "TIP_LIMITE" true true false 10 Text 0 0 ,First,#,areas_conservacion_mario_30_enero,TIP_LIMITE,-1,-1;NOMBRE "NOMBRE" true true false 50 Text 0 0 ,First,#,areas_conservacion_mario_30_enero,NOMBRE,-1,-1;DECRETO "DECRETO" true true false 50 Text 0 0 ,First,#,areas_conservacion_mario_30_enero,DECRETO,-1,-1;LOCALIZA "LOCALIZA" true true false 50 Text 0 0 ,First,#,areas_conservacion_mario_30_enero,LOCALIZA,-1,-1;FECH_DECRE "FECH_DECRE" true true false 50 Text 0 0 ,First,#,areas_conservacion_mario_30_enero,FECH_DECRE,-1,-1;Shape_Leng "Shape_Leng" true true false 19 Double 0 0 ,First,#,areas_conservacion_mario_30_enero,Shape_Leng,-1,-1;Shape_Le_1 "Shape_Le_1" true true false 19 Double 0 0 ,First,#,areas_conservacion_mario_30_enero,Shape_Le_1,-1,-1;Shape_Area "Shape_Area" true true false 19 Double 0 0 ,First,#,areas_conservacion_mario_30_enero,Shape_Area,-1,-1;nombre_ac "nombre_ac" true true false 26 Text 0 0 ,First,#,areas_conservacion_mario_30_enero,nombre_ac,-1,-1;siglas_ac "siglas_ac" true true false 6 Text 0 0 ,First,#,areas_conservacion_mario_30_enero,siglas_ac,-1,-1;FID_asp_co "FID_asp_co" true true false 10 Long 0 10 ,First,#,areas_conservacion_mario_30_enero,FID_asp_co,-1,-1;codigo_1 "codigo_1" true true false 3 Text 0 0 ,First,#,areas_conservacion_mario_30_enero,codigo_1,-1,-1;nombre_asp "nombre_asp" true true false 80 Text 0 0 ,First,#,areas_conservacion_mario_30_enero,nombre_asp,-1,-1;cat_manejo "cat_manejo" true true false 40 Text 0 0 ,First,#,areas_conservacion_mario_30_enero,cat_manejo,-1,-1;siglas_cat "siglas_cat" true true false 5 Text 0 0 ,First,#,areas_conservacion_mario_30_enero,siglas_cat,-1,-1;nombre_a_1 "nombre_a_1" true true false 45 Text 0 0 ,First,#,areas_conservacion_mario_30_enero,nombre_a_1,-1,-1;siglas_a_1 "siglas_a_1" true true false 6 Text 0 0 ,First,#,areas_conservacion_mario_30_enero,siglas_a_1,-1,-1;descripcio "descripcio" true true false 40 Text 0 0 ,First,#,areas_conservacion_mario_30_enero,descripcio,-1,-1;tipo_RNVS "tipo_RNVS" true true false 20 Text 0 0 ,First,#,areas_conservacion_mario_30_enero,tipo_RNVS,-1,-1;a_creacion "a_creacion" true true false 4 Short 0 4 ,First,#,areas_conservacion_mario_30_enero,a_creacion,-1,-1;n_creacion "n_creacion" true true false 40 Text 0 0 ,First,#,areas_conservacion_mario_30_enero,n_creacion,-1,-1;area_1 "area_1" true true false 15 Double 2 14 ,First,#,areas_conservacion_mario_30_enero,area_1,-1,-1" #</Process><Process ToolSource="c:\program files (x86)\arcgis\desktop10.3\ArcToolbox\Toolboxes\Conversion Tools.tbx\FeatureClassToFeatureClass" Date="20170227" Time="112255">FeatureClassToFeatureClass ac_revision_modificada "M:\INFRAESTRUCTURA DE DATOS ESPACIALES DEL SINAC\AREAS DE CONSERVACIÓN\FEBRERO 2017\AC.mdb\AC" AC # "Id "Id" true true false 10 Long 0 10 ,First,#,ac_revision_modificada,Id,-1,-1;siglas_ac "siglas_ac" true true false 6 Text 0 0 ,First,#,ac_revision_modificada,siglas_ac,-1,-1;nombre_a_1 "nombre_a_1" true true false 45 Text 0 0 ,First,#,ac_revision_modificada,nombre_a_1,-1,-1;Shape_Le_2 "Shape_Le_2" true true false 19 Double 0 0 ,First,#,ac_revision_modificada,Shape_Le_2,-1,-1;Shape_Area "Shape_Area" true true false 19 Double 0 0 ,First,#,ac_revision_modificada,Shape_Area,-1,-1" #</Process></lineage><itemProps><itemName Sync="TRUE">AC</itemName><imsContentType Sync="TRUE">002</imsContentType><itemSize Sync="TRUE">0.000</itemSize><itemLocation><linkage Sync="TRUE">file://\\172.31.254.21\share\INFRAESTRUCTURA DE DATOS ESPACIALES DEL SINAC\AREAS DE CONSERVACIÓN\FEBRERO 2017\AC.mdb</linkage><protocol Sync="TRUE">Local Area Network</protocol></itemLocation></itemProps><coordRef><type Sync="TRUE">Projected</type><geogcsn Sync="TRUE">GCS_CR05</geogcsn><csUnits Sync="TRUE">Linear Unit: Meter (1.000000)</csUnits><projcsn Sync="TRUE">CRTM05</projcsn><peXml Sync="TRUE">&lt;ProjectedCoordinateSystem xsi:type='typens:ProjectedCoordinateSystem' xmlns:xsi='http://www.w3.org/2001/XMLSchema-instance' xmlns:xs='http://www.w3.org/2001/XMLSchema' xmlns:typens='http://www.esri.com/schemas/ArcGIS/10.3'&gt;&lt;WKT&gt;PROJCS[&amp;quot;CRTM05&amp;quot;,GEOGCS[&amp;quot;GCS_CR05&amp;quot;,DATUM[&amp;quot;D_Costa_Rica_2005&amp;quot;,SPHEROID[&amp;quot;WGS_1984&amp;quot;,6378137.0,298.257223563]],PRIMEM[&amp;quot;Greenwich&amp;quot;,0.0],UNIT[&amp;quot;Degree&amp;quot;,0.0174532925199433]],PROJECTION[&amp;quot;Transverse_Mercator&amp;quot;],PARAMETER[&amp;quot;False_Easting&amp;quot;,500000.0],PARAMETER[&amp;quot;False_Northing&amp;quot;,0.0],PARAMETER[&amp;quot;Central_Meridian&amp;quot;,-84.0],PARAMETER[&amp;quot;Scale_Factor&amp;quot;,0.9999],PARAMETER[&amp;quot;Latitude_Of_Origin&amp;quot;,0.0],UNIT[&amp;quot;Meter&amp;quot;,1.0],AUTHORITY[&amp;quot;EPSG&amp;quot;,5367]]&lt;/WKT&gt;&lt;XOrigin&gt;-5122600&lt;/XOrigin&gt;&lt;YOrigin&gt;-10001100&lt;/YOrigin&gt;&lt;XYScale&gt;10000&lt;/XYScale&gt;&lt;ZOrigin&gt;-100000&lt;/ZOrigin&gt;&lt;ZScale&gt;10000&lt;/ZScale&gt;&lt;MOrigin&gt;-100000&lt;/MOrigin&gt;&lt;MScale&gt;10000&lt;/MScale&gt;&lt;XYTolerance&gt;0.001&lt;/XYTolerance&gt;&lt;ZTolerance&gt;0.001&lt;/ZTolerance&gt;&lt;MTolerance&gt;0.001&lt;/MTolerance&gt;&lt;HighPrecision&gt;true&lt;/HighPrecision&gt;&lt;WKID&gt;102305&lt;/WKID&gt;&lt;LatestWKID&gt;5367&lt;/LatestWKID&gt;&lt;/ProjectedCoordinateSystem&gt;</peXml></coordRef><copyHistory><copy source="X:\Con copia\Proyectos\Generalizacion_CostaRica\Edición\DTA\DTA_5000_v1_2" dest="\\Cartodat\f\Con copia\Proyectos\Generalizacion_CostaRica\Edición\DTA\DTA_5000_v1_2Copy" date="20160511" time="09025000"></copy></copyHistory></DataProperties><ArcGISFormat>1.0</ArcGISFormat></Esri><idinfo><native Sync="TRUE">Microsoft Windows XP Version 5.1 (Build 2600) Service Pack 2; ESRI ArcCatalog 9.2.0.1324</native><descript><langdata Sync="TRUE">es</langdata><abstract>REQUIRED: A brief narrative summary of the data set.</abstract><purpose>REQUIRED: A summary of the intentions with which the data set was developed.</purpose></descript><citation><citeinfo><origin>REQUIRED: The name of an organization or individual that developed the data set.</origin><pubdate>REQUIRED: The date when the data set is published or otherwise made available for release.</pubdate><title Sync="TRUE">C40101 HEREDIAFF</title><ftname Sync="TRUE">C40101 HEREDIAFF</ftname><geoform Sync="TRUE">vector digital data</geoform><onlink Sync="TRUE">\\UE-MCISAR\C$\DTA\HEREDIA SUR 2\HEREDIA\CARTO AJUSTADA HEREDIA\SHP AJUSTADOS\DISTRITOS\HEREDIA\C40101 HEREDIAFF.shp</onlink></citeinfo></citation><timeperd><current>REQUIRED: The basis on which the time period of content information is determined.</current><timeinfo><sngdate><caldate>REQUIRED: The year (and optionally month, or month and day) for which the data set corresponds to the ground.</caldate></sngdate></timeinfo></timeperd><status><progress>REQUIRED: The state of the data set.</progress><update>REQUIRED: The frequency with which changes and additions are made to the data set after the initial data set is completed.</update></status><spdom><bounding><westbc Sync="TRUE">REQUIRED: Western-most coordinate of the limit of coverage expressed in longitude.</westbc><eastbc Sync="TRUE">REQUIRED: Eastern-most coordinate of the limit of coverage expressed in longitude.</eastbc><northbc Sync="TRUE">REQUIRED: Northern-most coordinate of the limit of coverage expressed in latitude.</northbc><southbc Sync="TRUE">REQUIRED: Southern-most coordinate of the limit of coverage expressed in latitude.</southbc></bounding></spdom><keywords><theme><themekt>REQUIRED: Reference to a formally registered thesaurus or a similar authoritative source of theme keywords.</themekt><themekey>REQUIRED: Common-use word or phrase used to describe the subject of the data set.</themekey></theme></keywords><accconst>REQUIRED: Restrictions and legal prerequisites for accessing the data set.</accconst><useconst>REQUIRED: Restrictions and legal prerequisites for using the data set after access is granted.</useconst><natvform Sync="TRUE">Shapefile</natvform></idinfo><dataIdInfo><envirDesc Sync="TRUE"> Version 6.2 (Build 9200) ; Esri ArcGIS 10.3.0.4322</envirDesc><dataLang><languageCode Sync="TRUE" value="spa" country="CR"></languageCode><countryCode value="CRI" Sync="TRUE"></countryCode></dataLang><idCitation><resTitle Sync="TRUE">AC</resTitle><presForm><PresFormCd Sync="TRUE" value="005"></PresFormCd></presForm></idCitation><spatRpType><SpatRepTypCd Sync="TRUE" value="001"></SpatRepTypCd></spatRpType><descKeys><thesaName uuidref="723f6998-058e-11dc-8314-0800200c9a66"></thesaName><keyword Sync="TRUE">002</keyword></descKeys></dataIdInfo><metainfo><langmeta Sync="TRUE">es</langmeta><metstdn Sync="TRUE">FGDC Content Standards for Digital Geospatial Metadata</metstdn><metstdv Sync="TRUE">FGDC-STD-001-1998</metstdv><mettc Sync="TRUE">local time</mettc><metc><cntinfo><cntorgp><cntper>REQUIRED: The person responsible for the metadata information.</cntper><cntorg>REQUIRED: The organization responsible for the metadata information.</cntorg></cntorgp><cntaddr><addrtype>REQUIRED: The mailing and/or physical address for the organization or individual.</addrtype><city>REQUIRED: The city of the address.</city><state>REQUIRED: The state or province of the address.</state><postal>REQUIRED: The ZIP or other postal code of the address.</postal></cntaddr><cntvoice>REQUIRED: The telephone number by which individuals can speak to the organization or individual.</cntvoice></cntinfo></metc><metd Sync="TRUE">20110720</metd></metainfo><mdLang><languageCode Sync="TRUE" value="spa"></languageCode><countryCode value="CRI" Sync="TRUE"></countryCode></mdLang><mdStanName Sync="TRUE">ISO 19115 Geographic Information - Metadata</mdStanName><mdStanVer Sync="TRUE">DIS_ESRI1.0</mdStanVer><mdChar><CharSetCd Sync="TRUE" value="004"></CharSetCd></mdChar><mdHrLv><ScopeCd Sync="TRUE" value="005"></ScopeCd></mdHrLv><mdHrLvName Sync="TRUE">dataset</mdHrLvName><distinfo><resdesc Sync="TRUE">Downloadable Data</resdesc><stdorder><digform><digtinfo><transize Sync="TRUE">0,000</transize><dssize Sync="TRUE">0,000</dssize></digtinfo></digform></stdorder></distinfo><distInfo><distributor><distorTran><onLineSrc><orDesc Sync="TRUE">002</orDesc><linkage Sync="TRUE">file://\\UE-MCISAR\C$\DTA\HEREDIA SUR 2\HEREDIA\CARTO AJUSTADA HEREDIA\SHP AJUSTADOS\DISTRITOS\HEREDIA\C40101 HEREDIAFF.shp</linkage><protocol Sync="TRUE">Local Area Network</protocol></onLineSrc><transSize Sync="TRUE">0,000</transSize></distorTran><distorFormat><formatName Sync="TRUE">Shapefile</formatName></distorFormat></distributor><distFormat><formatName Sync="TRUE">Personal GeoDatabase Feature Class</formatName></distFormat><distTranOps><transSize Sync="TRUE">0.000</transSize></distTranOps></distInfo><spdoinfo><direct Sync="TRUE">Vector</direct><ptvctinf><esriterm Name="AC"><efeatyp Sync="TRUE">Simple</efeatyp><efeageom code="4" Sync="TRUE"></efeageom><esritopo Sync="TRUE">FALSE</esritopo><efeacnt Sync="TRUE">0</efeacnt><spindex Sync="TRUE">TRUE</spindex><linrefer Sync="TRUE">TRUE</linrefer></esriterm></ptvctinf></spdoinfo><spatRepInfo><VectSpatRep><geometObjs Name="AC"><geoObjTyp><GeoObjTypCd value="002" Sync="TRUE"></GeoObjTypCd></geoObjTyp><geoObjCnt Sync="TRUE">0</geoObjCnt></geometObjs><topLvl><TopoLevCd value="001" Sync="TRUE"></TopoLevCd></topLvl></VectSpatRep></spatRepInfo><eainfo><detailed Name="AC"><enttyp><enttypl Sync="TRUE">AC</enttypl><enttypt Sync="TRUE">Feature Class</enttypt><enttypc Sync="TRUE">0</enttypc></enttyp><attr><attrlabl Sync="TRUE">Shape</attrlabl><attalias Sync="TRUE">Shape</attalias><attrtype Sync="TRUE">Geometry</attrtype><attwidth Sync="TRUE">0</attwidth><atprecis Sync="TRUE">0</atprecis><attscale Sync="TRUE">0</attscale><attrdef Sync="TRUE">Feature geometry.</attrdef><attrdefs Sync="TRUE">ESRI</attrdefs><attrdomv><udom Sync="TRUE">Coordinates defining the features.</udom></attrdomv></attr><attr><attrlabl Sync="TRUE">Id</attrlabl><attalias Sync="TRUE">Id</attalias><attrtype Sync="TRUE">Integer</attrtype><attwidth Sync="TRUE">4</attwidth><atprecis Sync="TRUE">0</atprecis><attscale Sync="TRUE">0</attscale></attr><attr><attrlabl Sync="TRUE">OBJECTID</attrlabl><attalias Sync="TRUE">OBJECTID</attalias><attrtype Sync="TRUE">OID</attrtype><attwidth Sync="TRUE">4</attwidth><atprecis Sync="TRUE">0</atprecis><attscale Sync="TRUE">0</attscale><attrdef Sync="TRUE">Internal feature number.</attrdef><attrdefs Sync="TRUE">Esri</attrdefs><attrdomv><udom Sync="TRUE">Sequential unique whole numbers that are automatically generated.</udom></attrdomv></attr><attr><attrlabl Sync="TRUE">Shape_Area</attrlabl><attalias Sync="TRUE">Shape_Area</attalias><attrtype Sync="TRUE">Double</attrtype><attwidth Sync="TRUE">8</attwidth><atprecis Sync="TRUE">0</atprecis><attscale Sync="TRUE">0</attscale><attrdef Sync="TRUE">Area of feature in internal units squared.</attrdef><attrdefs Sync="TRUE">Esri</attrdefs><attrdomv><udom Sync="TRUE">Positive real numbers that are automatically generated.</udom></attrdomv></attr><attr><attrlabl Sync="TRUE">siglas_ac</attrlabl><attalias Sync="TRUE">siglas_ac</attalias><attrtype Sync="TRUE">String</attrtype><attwidth Sync="TRUE">6</attwidth><atprecis Sync="TRUE">0</atprecis><attscale Sync="TRUE">0</attscale></attr><attr><attrlabl Sync="TRUE">Shape_Le_2</attrlabl><attalias Sync="TRUE">Shape_Le_2</attalias><attrtype Sync="TRUE">Double</attrtype><attwidth Sync="TRUE">8</attwidth><atprecis Sync="TRUE">0</atprecis><attscale Sync="TRUE">0</attscale></attr><attr><attrlabl Sync="TRUE">nombre_a_1</attrlabl><attalias Sync="TRUE">nombre_a_1</attalias><attrtype Sync="TRUE">String</attrtype><attwidth Sync="TRUE">45</attwidth><atprecis Sync="TRUE">0</atprecis><attscale Sync="TRUE">0</attscale></attr><attr><attrlabl Sync="TRUE">Shape_Length</attrlabl><attalias Sync="TRUE">Shape_Length</attalias><attrtype Sync="TRUE">Double</attrtype><attwidth Sync="TRUE">8</attwidth><atprecis Sync="TRUE">0</atprecis><attscale Sync="TRUE">0</attscale><attrdef Sync="TRUE">Length of feature in internal units.</attrdef><attrdefs Sync="TRUE">Esri</attrdefs><attrdomv><udom Sync="TRUE">Positive real numbers that are automatically generated.</udom></attrdomv></attr></detailed></eainfo><mdDateSt Sync="TRUE">20170227</mdDateSt><refSysInfo><RefSystem><refSysID><identCode code="5367" Sync="TRUE"></identCode><idCodeSpace Sync="TRUE">EPSG</idCodeSpace><idVersion Sync="TRUE">8.2.6</idVersion></refSysID></RefSystem></refSysInfo></metadata>
